title,price,pegi_rating,platform
Doom Eternal Incl. Metal Plate (Amazon Exclusief) [PC],15.69,PEGI-rating: 18 jaar en ouder,PC
FIFA 20,11.99,PEGI-rating: 3 jaar en ouder,PC
Euro Truck Simulator 2: Titanium-Edition,36.59,PEGI-rating: 3 jaar en ouder,Windows
Star Wars Jedi: Fallen Order - Standard Edition - [PC] Code In De Case,15.99,PEGI-rating: 16 jaar en ouder,PC - Code in the box
Tom Clancy’s Ghost Recon Breakpoint Standard - [PC],19.86,PEGI-rating: 18 jaar en ouder,PC
Microsoft Flight Simulator Premium Edition,172.03,USK-beoordeling: Geen leeftijdsbeperking,Windows
Resident Evil 7 Gold Edition,34.42,PEGI-rating: 18 jaar en ouder,PC
Pccd Tractor Racing Simulatie (u),0.99,PEGI-rating: 3 jaar en ouder,Windows Vista
Die Sims 4 - Inselleben - [PC - Code in der Box],26.18,USK-beoordeling: Vanaf 6 jaar,PC
Wolfenstein II: The New Colossus (PC),50.87,Meer mogelijkheden,PC
Diswoe & 1 Accessoires voor Nintendo Switch - Goods Nintendo Switch Case. Hard Carrying Case/Beschermhoes voor Switch. Zwart,,,
Train Sim World 2: Rush Hour - Deluxe Edition PC DVD,63.97,PEGI-rating: 3 jaar en ouder,Windows
CYBERPUNK 2077,51.58,PEGI-rating: 18 jaar en ouder,PC
Dakar 18,14.95,Engelstalige uitgave,DVD-ROM
landbouwsimulator 19,9.4,PEGI-rating: 3 jaar en ouder,PC
Red Faction Guerrilla Re-Mars-tered,69.95,PEGI-rating: 16 jaar en ouder,PC
Euro Truck Simulator 2,,,
Vampyr,49.95,PEGI-rating: 18 jaar en ouder,PC
Destiny_2,84.49,PEGI-rating: 16 jaar en ouder,PC
For Honor - Gold Edition,73.54,PEGI-rating: 18 jaar en ouder,PC
Need for Speed,70,USK-beoordeling: Vanaf 12 jaar,PC
LEGO Jurassic World,20.62,USK-beoordeling: Vanaf 6 jaar,PC
Injustice: goden onder ons,37.98,USK-beoordeling: Vanaf 16 jaar,PC
Dollhouse/DVD-ROM,4.33,USK-beoordeling: Vanaf 16 jaar,PC
Microsoft Flight Simulator Standard Edition,74.63,PEGI-rating: 3 jaar en ouder,Windows
The Complete Emergency (PC) (64 bits).,127.75,PEGI-rating: 16 jaar en ouder,Windows
Total War SAGA - TROY Limited Edition (incl. Amazons DLC) PC,54.54,PEGI-rating: 16 jaar en ouder,Windows 8
Tennis World Tour 2 (PC) - NL versie,18,PEGI-rating: 3 jaar en ouder,Windows
AO Tennis 2 PC Cartridge,29.21,PEGI-rating: 3 jaar en ouder,Windows
DIE SIMS 4 An die Uni Expansion Pack 8 - [PC] - [Code in a box - enthält keine CD],30.79,USK-beoordeling: Vanaf 6 jaar,Windows
Football Manager 2020 PC DVD,29.77,PEGI-rating: 3 jaar en ouder,Windows
GRID ULTIMATE EDITION - [PC],89.95,PEGI-rating: 3 jaar en ouder,Windows
Kingdom Come Deliverance: Royal Edition Pc Dvd,66.9,PEGI-rating: 18 jaar en ouder,PC
F1 2019,24.95,USK-beoordeling: Geen leeftijdsbeperking,PC
Among The Sleep Enhanced Edition,32.45,USK-beoordeling: Vanaf 16 jaar,PC
Tennis World Tour: Roland Garros PC Cartridge,16.9,PEGI-rating: 3 jaar en ouder,Windows 7
ZuSi - De treksimulatie Aerosoft Edition - Keulen--Düsseldorf,64.43,PEGI-rating: 3 jaar en ouder,Windows Vista
Trüberbrook,16.46,USK-beoordeling: Vanaf 6 jaar,PC
Totaal product: Three Kingdoms.,49.95,USK-beoordeling: Vanaf 12 jaar,PC
Jagged Alliance: Rage!,56.9,Duitstalige uitgave,DVD-ROM
FIFA 18 (Code in a Box) (PC DVD),26.32,PEGI-rating: 3 jaar en ouder,Windows 8
Overwatch Legendary Edition,36.77,Duitstalige uitgave,Computergame
Motorsport Manager (PC) DVD,36.77,,
GRIP: Combat Racing PC DVD,11.56,PEGI-rating: 7 jaar en ouder,Windows 8
Metro Exodus PEGI,69.95,PEGI-rating: 18 jaar en ouder,PC
Monster Energy Supercross: The Official Videogame PC DVD,22,PEGI-rating: 3 jaar en ouder,Windows 7
Agony,18.65,USK-beoordeling: Vanaf 18 jaar,Windows
Op de hand legendes van verloren tijd-6 Pack PC,,,
WWE 2K18.,29.95,USK-beoordeling: Vanaf 16 jaar,PC
Emergency 20 [PC],20.81,PEGI-rating: 16 jaar en ouder,Windows
Pure Farming 2018 - Landwirtschaft weltweit,20.81,PEGI-rating: 3 jaar en ouder,PC
Spellforce 3 - Collector's Edition,129.79,PEGI-rating: 18 jaar en ouder,Windows 8
OMSI 2 - AddOn Metropole Ruhr,31.22,Duitstalige uitgave,Computergame
Autobahn-Polizei Simulator 2,10.99,PEGI-rating: 7 jaar en ouder,PC
Rime.,39.95,USK-beoordeling: Vanaf 6 jaar,Windows
Ostwind - het spel,22.99,PEGI-rating: 3 jaar en ouder,PC
Final Fantasy XIV Complete Edition. Für Windows 7/8/8.1/10,29.95,USK-beoordeling: Vanaf 12 jaar,PC
Final Fantasy XIV: Stormblood,29.95,USK-beoordeling: Vanaf 12 jaar,PC
Gravel,29.95,USK-beoordeling: Geen leeftijdsbeperking,Windows
MXGP3,49.95,PEGI-rating: 3 jaar en ouder,Windows
Vengeance Lost Love Pc Dvd,9.99,PEGI-rating: 3 jaar en ouder,Windows
Final Fantasy XIV: Stormblood/DVD-ROM,17.95,Duitstalige uitgave,Computergame
Marvel vs. Capcom Infinite,39.93,USK-beoordeling: Vanaf 12 jaar,PC
Diablo 3 Battlechest,35.99,PEGI-rating: 16 jaar en ouder,Windows
Die Gute Laune Match 3: Spielbox Pc Dvd,19.99,PEGI-rating: 3 jaar en ouder,Windows
Secrets Of Magic Book Spells Pc Dvd,9.99,PEGI-rating: 3 jaar en ouder,Windows
Rise of the Tomb Raider: 20 jaar jubileum.,31.3,PEGI-rating: 18 jaar en ouder,PC
The Elder Scroll Online: Tamriel Unlimited - [AT-PEGI],59.95,PEGI-rating: 18 jaar en ouder,PC
Ride2,49.95,USK-beoordeling: Geen leeftijdsbeperking,PC
Sony entertainment the last guardian,41.28,,
Call of Duty: Infinite Warfare [AT Pegi],71.56,USK-beoordeling: Vanaf 18 jaar,PC
Circuit Breakers PC,19.01,PEGI-rating: 3 jaar en ouder,Windows XP
Perfect Universe PC,8.98,PEGI-rating: 7 jaar en ouder,Windows
Titaanfall 2 - Twister Parent,64.9,USK-beoordeling: Vanaf 18 jaar,Windows
Bosbouw 2017.,39.99,USK-beoordeling: Geen leeftijdsbeperking,PC
Homefront The Revolution,47.9,USK-beoordeling: Vanaf 18 jaar,PC
Gute Laune Spielebox Pc Dvd,47.9,PEGI-rating: 12 jaar en ouder,Windows
Nieuw,6.52,PEGI-rating: 7 jaar en ouder,Windows 7
X-Plane 10 - Global - Box inkl. 2 AddOns/DVD-ROM,88.6,PEGI-rating: 3 jaar en ouder,Mac OS X
Dig It! (PC DVD),20.43,,
Planten vs. Zombies: Garden Warfare 2 - [PC],24.2,Meer mogelijkheden,PC
T2 Take Two Interactieve Sw XB1 SWX10186 Battleborn,8.29,PEGI-rating: 12 jaar en ouder,PC
Mirror's Edge Catalyst.,11.42,PEGI-rating: 12 jaar en ouder,PC
Star Wars Battlefront 2 PS4 USK: 16,31.66,,
Gold Rush! Anniversary Pc Dvd,21.36,PEGI-rating: 3 jaar en ouder,Windows 8
Star Wars Battlefront,68.27,PEGI-rating: 16 jaar en ouder,PC
Aclouddate Screen Protector gehard glas Screen Protector,,,
The Sims 4 Get To Work (PC DVD),46.26,PEGI-rating: 12 jaar en ouder,Windows Vista
Project CARS,59.95,PEGI-rating: 3 jaar en ouder,Windows
Falling Skies: The Game,15.32,PEGI-rating: 12 jaar en ouder,Windows
clockwork tales: the history of glass and ink (collector's edition),42.9,,
The Hidden Mystery Collectives (Grim Tales: The Wishes / The Stone Queen),14.07,PEGI-rating: 12 jaar en ouder,Windows Vista
Port Royale 3 (Gold Edition) PC,6.03,PEGI-rating: 12 jaar en ouder,Windows 7
PROJECT Spark XBOX ONE,19.72,,
Wolfenstein: The New Order (PC) (USK 18),35.08,PEGI-rating: 18 jaar en ouder,Computergame
9 The Dark Side (PC DVD),14.07,PEGI-rating: 12 jaar en ouder,Windows Vista
Fable The Journey Microsoft Xbox 360,31.89,,
ORCS MOETEN STERVEN,24.83,,
GIOCO PSVITA SUPER MONKEY BALL,39.99,PEGI-rating: 3 jaar en ouder,Windows XP
Worms Ultimate Mayhem: Deluxe Edition (PC DVD),12.22,,
Mystery Legends: Beauty and the Beast - The Collector's Edition (PC DVD),14.57,PEGI-rating: 7 jaar en ouder,Windows 7
Rondomedia Verkeersplanner - De Simulatie - PC - Software,9.95,,
TRAUMA - Expedition in het onderbewustzijn,15.58,,
eastville chronicles: vloek van het operahuis,14.95,PEGI-rating: 7 jaar en ouder,Windows
Koeblitzer Mountain Route (PC DVD),12.13,PEGI-rating: 3 jaar en ouder,Windows Vista
London Underground Simulator - World of Subways 3 (PC CD),12.13,PEGI-rating: 3 jaar en ouder,Windows Vista
Le cronache di Narnia: Il principe Kaspian,29.99,PEGI-rating: 12 jaar en ouder,Windows XP
Murder. Mystery and Mirrors Triple Pack (PC CD),13.14,PEGI-rating: 7 jaar en ouder,Windows Vista
Garden Simulator (PC CD),7.32,PEGI-rating: 3 jaar en ouder,Windows Vista
Haunted Manor: Lord of Mirrors (PC CD),23.58,PEGI-rating: 7 jaar en ouder,Windows 7
Pro Cycling Manager Season 2010: Le Tour De France,4.4,PEGI-rating: 3 jaar en ouder,Windows 7
Crysis Warhead [EA Value Games],15,PEGI-rating: 16 jaar en ouder,Windows Vista
The Time Machine (PC DVD),7.53,PEGI-rating: 3 jaar en ouder,Windows Vista
S.T.A.L.K.E.R.: Call of Pripyat (PC DVD),19.99,PEGI-rating: 16 jaar en ouder,Windows Vista
Dark Fall Lost Souls (PC DVD),28.28,PEGI-rating: 16 jaar en ouder,Windows 7
MS FS 2004/FSX AddOn: Manhattan X,18.44,PEGI-rating: 16 jaar en ouder,Windows Vista
PC Game Frontlines: Brandstof van Oorlog,18.44,USK-beoordeling: Vanaf 18 jaar,PC
Ultimate Terrain x - Europe (PC DVD),32.51,PEGI-rating: 3 jaar en ouder,Windows 7
Deal of geen deal - (PC),5.84,PEGI-rating: 3 jaar en ouder,Windows Vista
Sam & Max - Season One - [PC],20,PEGI-rating: 12 jaar en ouder,Windows Vista
Spaceforce - Rogue Universe,24.99,PEGI-rating: 12 jaar en ouder,Windows XP
Koningen van de golven,29.99,USK-beoordeling: Vanaf 6 jaar,PC
Cubis 2 (Mumbo Jumbo).,23.6,PEGI-rating: 3 jaar en ouder,Windows
Wit bescheid? De Orst Slanke Quiz collector-editie.,2.95,USK-beoordeling: Geen leeftijdsbeperking,Windows Vista
Flight Simulator 2004 - Freight Dogs Add-On,28.85,PEGI-rating: 3 jaar en ouder,Windows XP
Theseus - Return of the Hero,9.83,PEGI-rating: 16 jaar en ouder,Windows
Berlin S-Bahn Add-On for Train Simulator (PC),28.54,PEGI-rating: 3 jaar en ouder,Windows XP
Against Rome (),16.22,PEGI-rating: 12 jaar en ouder,Windows XP
Star Wars: Republic Commando [Pegi],11.36,PEGI-rating: 12 jaar en ouder,Windows XP
Black & White: Creature Isle Add-On,,,Windows 98
MAFIA PCR PLAY [Windows XP | Windows 2000 | Windows 98 | Windows NT],,,Windows XP
Theme Park + Theme Hospital,,,Windows
Two Worlds II De officiële Franse gids [voor alle platforms],,,Windows
Flight Simulator X - CRJ 700/900 X (Add-On),,USK-beoordeling: Geen leeftijdsbeperking,Windows 7
Asi Sports.,,USK-beoordeling: Vanaf 12 jaar,Windows
Myst IV : Revelation,,USK-beoordeling: Vanaf 6 jaar,Computergame
Fritz 17: Das ganz große Schachprogramm,,Duitstalige uitgave,Dvd-rom
Kroko Mania 3D: het labyrinth in comic-stijl!,,,Windows
Darby. der Drache,,USK-beoordeling: Geen leeftijdsbeperking,Windows
Pageant Field: A journey through rural England Add-On for MS Train Simulator (PC CD),,PEGI-rating: 3 jaar en ouder,Windows XP
Gner East Coast Express Part 1: London to Peterborough - Add-On for MS Train Simulator (PC CD),,PEGI-rating: 3 jaar en ouder,Windows XP
Trident Add-On for FS 2002/2004 (PC CD),,PEGI-rating: 3 jaar en ouder,Windows XP
SWAT 4 (PC),,PEGI-rating: 18 jaar en ouder,Windows XP
LNER Pacifics Add-On for MS Train Simulator (PC CD),,PEGI-rating: 3 jaar en ouder,Windows XP
London and the South East Add-On for MS Train Simulator (PC CD),,PEGI-rating: 3 jaar en ouder,Windows XP
∙: De Path of the Shell.,28.54,,Computergame
Shrek 2 (PC),,PEGI-rating: 3 jaar en ouder,Windows XP
Great British Steam Locomotives Add-On for MS Train Simulator (PC),,PEGI-rating: 3 jaar en ouder,Windows XP
Airline Tycoon (PC CD),,PEGI-rating: 3 jaar en ouder,Windows XP
Star Wars - Knights of the Old Republic (engl.),,PEGI-rating: 12 jaar en ouder,Windows 98
Berlin Stettin Route Add-On for Microsoft Train Simulator (PC CD),,,Windows XP
,,,Windows XP
Commandos 2,,USK-beoordeling: Geen leeftijdsbeperking,Windows XP
MS COMBAT FLIGHT COLLECTIE (),,,Windows 98
The Engine Shed Add-On for MS Train Simulator (PC),,,Windows 98
