title,price,pegi_rating,platform
FIFA 23 PS4,57.99,Advies: ,PlayStation 4
Hogwarts Legacy - Deluxe Edition (PS4),69.95,Advies: ,PS4
F1 22 - PS4,42.64,PEGI-rating: 3 jaar en ouder,PlayStation 4
SONY UFC 4 - PS4 USK18,20.81,USK-beoordeling: Vanaf 18 jaar,PlayStation 4
Ni no Kuni: Wrath of the White Witch Remastered (PS4),15.33,PEGI-rating: 12 jaar en ouder,PlayStation 4
The Witcher 3: Wild Hunt (GOTY Edition) (PS4),19.72,PEGI-rating: 18 jaar en ouder,PlayStation 4
It Takes Two PS4 Game,29.39,PEGI-rating: 16 jaar en ouder,PlayStation 4
The Last of Us Part II - Standard Edition [PlayStation 4] (Uncut),17.2,USK-beoordeling: Vanaf 18 jaar,PlayStation 4
God of War: Ragnarök - PS4,51.94,PEGI-rating: 18 jaar en ouder,PlayStation 4
Horizon : Zero Dawn - Complete Edition - Playstation Hits,29.54,PEGI-rating: 16 jaar en ouder,PlayStation 4
It Takes Two NL Versie - PS4,28,PEGI-rating: 12 jaar en ouder,PlayStation 5
Tom Clyc's The Division 2 PS4 NV Prix,6.47,,
The Last of Us Remastered HITS,19.98,PEGI-rating: 18 jaar en ouder,PlayStation 4
NEWZEROL Infraroodlamp Compatibel met Quest 2 / Quest/Pico 4 / PS VR2. Hoge Gevoeligheid Nachtzicht Hulplicht met Europese Standaard Schakelaaradapter (1.5 m) - Zwart,21.99,,
Minecraft Starter Collection - NL Versie - PS4,29.98,PEGI-rating: 7 jaar en ouder,PlayStation 4
Control (Ps4),9.83,PEGI-rating: 16 jaar en ouder,PlayStation 4
GRAUGEAR | Aluminium koellichaam voor M.2 NVMe SSD (2280) | PS5 Heatsink koeler Kit | geschikt voor PlayStation®5 en PC | 2x warmtegeleidingspads incl. | G-PS5HS02 (G-PS5HS02),12,Meer mogelijkheden,PlayStation 4
NBA 2K23 - PS4,24.97,PEGI-rating: 3 jaar en ouder,PlayStation 4
Kingdom Hearts: The Story so far (PS4),19.87,PEGI-rating: 12 jaar en ouder,PlayStation 4
Grand Theft Auto 5 (GTA V) - Premium Edition - PS4 (PS4),17.79,PEGI-rating: 18 jaar en ouder,PlayStation 4
Children Of Morta,14,PEGI-rating: 12 jaar en ouder,PlayStation 4
Little Nightmares 2 (PS4),22.88,PEGI-rating: 16 jaar en ouder,PlayStation 4
Minecraft Dungeons: Ultimate Edition,24.99,PEGI-rating: 7 jaar en ouder,PlayStation 4
CYBERPUNK 2077,21.25,USK-beoordeling: Vanaf 18 jaar,PlayStation 4
The Dark Pictures: Little Hope,19.99,PEGI-rating: 18 jaar en ouder,PlayStation 4
The Crew 2 (Ps4),16.7,PEGI-rating: 7 jaar en ouder,PlayStation 4
Dark Souls Trilogy (PS4),39.99,PEGI-rating: 16 jaar en ouder,PlayStation 4
TotalMount Advanced-Wandmontageframe voor Playstation 5 wandhouder. grijs. één maat,34.99,Prijs en andere details kunnen variëren op basis van de maat en kleur van het product.,PlayStation 4
Planet Coaster - Console Edition (PS4),27.99,PEGI-rating: 3 jaar en ouder,PlayStation 4
Grand Theft Auto (GTA): The Trilogy - The Definitive Edition (PS4),26.49,PEGI-rating: 18 jaar en ouder,PlayStation 4
Resident Evil: Biohazard - Gold Edition (Ps4),18.99,PEGI-rating: 18 jaar en ouder,PlayStation 4
Addams Family: Mansion Mayhem - PS4,14.95,PEGI-rating: 7 jaar en ouder,PlayStation 4
Resident Evil: Revelations 2 (Ps4),19.99,PEGI-rating: 18 jaar en ouder,PlayStation 4
Resident Evil: Origins Collection (Ps4),19.99,PEGI-rating: 18 jaar en ouder,PlayStation 4
Sifu - Vengeance Edition,31.45,PEGI-rating: 16 jaar en ouder,PlayStation 4
Resident Evil: Revelations (Ps4),16.44,PEGI-rating: 16 jaar en ouder,PlayStation 4
Life Is Strange Before The Storm - Limited Edition,28.9,PEGI-rating: 16 jaar en ouder,PlayStation 4
Tekken 7 (PS4),11.95,PEGI-rating: 16 jaar en ouder,PlayStation 4
Blacksad: Under the Skin - Limited Edition (PS4),18,PEGI-rating: 18 jaar en ouder,PlayStation 4
The Last of Us Part II (PS4) - UK Import,29.99,PEGI-rating: 18 jaar en ouder,PlayStation 4
Planet Coaster: Console Edition,27.62,PEGI-rating: 7 jaar en ouder,PlayStation 4
Cyberpunk 2077 - Day One Edition (PS4),22,PEGI-rating: 18 jaar en ouder,PlayStation 4
Resident Evil 6 (Ps4),17.98,PEGI-rating: 18 jaar en ouder,PlayStation 4
The Callisto Protocol - Day One Edition - PS4,19.99,PEGI-rating: 18 jaar en ouder,PlayStation 4
Elex 2 PS4,9.95,PEGI-rating: 18 jaar en ouder,PlayStation 4
Tom Clancy's Ghost Recon : Breakpoint - Gold Edition,14.54,PEGI-rating: 18 jaar en ouder,PlayStation 4
SONY Just Dance 2022 - PS4,17.99,Mediaan: ,PlayStation 4
WWE 2K22,22.79,PEGI-rating: 16 jaar en ouder,PlayStation 4
The Witcher 3 - Game of the Year Edition,19.72,USK-beoordeling: Vanaf 18 jaar,PlayStation 4
Wreckfest (PS4),18.98,PEGI-rating: 12 jaar en ouder,PlayStation 4
The Sims 4 (Ps4),20.85,PEGI-rating: 12 jaar en ouder,PlayStation 4
Atelier Ryza: Ever Darkness & the Secret Hideout (PS4),47.68,PEGI-rating: 12 jaar en ouder,PlayStation 4
DRAGON BALL: THE BREAKERS,17.99,Advies: ,PlayStation 4
Farming Simulator 22 - Platinum Edition - PS4,38,PEGI-rating: 3 jaar en ouder,PlayStation 4
SpellForce 3 Reforced PS4,13.99,PEGI-rating: 18 jaar en ouder,PlayStation 4
SIGNALIS - PS4,29.95,PEGI-rating: 16 jaar en ouder,PlayStation 4
Final Fantasy VII Remake (PS4),25.53,USK-beoordeling: Vanaf 16 jaar,PlayStation 4
Kingdoms of Amalur Re-Reckoning (PS4),13.34,PEGI-rating: 18 jaar en ouder,PlayStation 4
Ark Survival Evolved (Ps4),19.95,PEGI-rating: 16 jaar en ouder,PlayStation 4
Diablo III (3) (Eternal Collection) (PS4),25.99,PEGI-rating: 16 jaar en ouder,PlayStation 4
Ghost of Tsushima - Standard Edition - [PlayStation 4],17.9,USK-beoordeling: Vanaf 18 jaar,PlayStation 4
The Quarry - PS4,21.22,PEGI-rating: 18 jaar en ouder,PlayStation 4
Uncharted: The Lost Legacy (PlayStation Hits) - (PS4),19.99,PEGI-rating: 16 jaar en ouder,PlayStation 4
Telltales The Walking Dead: The Definitive Series (PS4),28,PEGI-rating: 18 jaar en ouder,PlayStation 4
Life Is Strange (Ps4),17.9,PEGI-rating: 16 jaar en ouder,PlayStation 4
Unknown 197766.Verhalen van ontstaan,19.95,PEGI-rating: 12 jaar en ouder,PlayStation 4
Subnautica (PS4),24.58,PEGI-rating: 7 jaar en ouder,PlayStation 4
Red Dead Redemption 2 PS4 Game,25.49,PEGI-rating: 18 jaar en ouder,PlayStation 4
Marvel's Avengers [Playstation 4],17,USK-beoordeling: Vanaf 12 jaar,PlayStation 4
Tales of Vesperia: Definitive Edition (PS4),17.9,PEGI-rating: 12 jaar en ouder,PlayStation 4
FANATTIK Rocky IV – ticket plaquette of 24K verzamelaar,29.95,,
Dark Souls 3 - The Fire Fades Edition,39.55,USK-beoordeling: Vanaf 16 jaar,PlayStation 4
WWE 2k20 DE (225023),24,PEGI-rating: 16 jaar en ouder,PlayStation 4
The King of Fighters XV - Day One Edition,24.2,PEGI-rating: 12 jaar en ouder,PlayStation 4
Untitled Goose Game (PS4),24.83,PEGI-rating: 3 jaar en ouder,PlayStation 4
God of War - Playstation Hits - (PS4),19.89,PEGI-rating: 18 jaar en ouder,PlayStation 4
Dragon Ball Z: Kakarot (PS4),27.91,PEGI-rating: 12 jaar en ouder,PlayStation 4
Marvel's Spider-Man,27.99,USK-beoordeling: Vanaf 12 jaar,PlayStation 4
Scarlet Nexus,14.95,PEGI-rating: 16 jaar en ouder,PlayStation 4
Hasbro Family Fun Pack,9.99,USK-beoordeling: Vanaf 6 jaar,PlayStation 4
Resident Evil 4: Remastered - Playstation 4 (PS4),19.99,PEGI-rating: 18 jaar en ouder,PlayStation 4
Sakuna: Of Rice and Ruin PS4 USK: 12,14.96,,
Garfield Kart: Furious Racing (PS4),18.56,PEGI-rating: 3 jaar en ouder,PlayStation 4
Sony 432957 Draadloze Dualshock 4 V2 Controleur Met Fortnite-Tegoedbon Voor Ps4. Zwart (Ps4),96.76,PEGI-rating: 12 jaar en ouder,PlayStation 4
Biomutant (PS4),14.99,PEGI-rating: 12 jaar en ouder,PlayStation 4
The Dark Pictures Anthology: Man of Medan (PS4),23.91,PEGI-rating: 16 jaar en ouder,PlayStation 4
F1 Manager 2022,19.99,PEGI-rating: 3 jaar en ouder,PlayStation 4
Resident Evil 5 (Ps4),19.99,PEGI-rating: 18 jaar en ouder,PlayStation 4
Dragon Quest: Builders 2 (PS4),19.99,PEGI-rating: 7 jaar en ouder,PlayStation 4
FIFA 22 NL Versie - PS4 (PS4),63.05,PEGI-rating: 3 jaar en ouder,PlayStation 4
TUNIC - PS4,36.55,PEGI-rating: 7 jaar en ouder,PlayStation 4
Fate/EXTELLA LINK (PS4),18.21,PEGI-rating: 12 jaar en ouder,PlayStation 4
Metro 2033 Redux/Metro Last Light Redux (Ps4),19.99,PEGI-rating: 18 jaar en ouder,PlayStation 4
Assassin's Creed Odyssey (PS4),16.45,PEGI-rating: 18 jaar en ouder,PlayStation 4
Dissidia Final Fantasy Nt (Ps4),8.66,PEGI-rating: 12 jaar en ouder,PlayStation 4
Call of Duty: Modern Warfare Remastered - PS4 (PS4),18.95,PEGI-rating: 18 jaar en ouder,PlayStation 4
Spongebob Squarepants: The Cosmic Shake (PS4),22.99,USK-beoordeling: Vanaf 6 jaar,PS4
Lioncast USB microfoon dubbel pak voor karaoke voor PC. Wii. Xbox. Playstation (PS3. PS4. PS4 Pro). Switch. set met 2 eenheden,30.55,,
Final Fantasy Xii: The Zodiac Age (Ps4),16.44,PEGI-rating: 16 jaar en ouder,PlayStation 4
Subnautica Below Zero PS4,24.02,PEGI-rating: 12 jaar en ouder,PlayStation 4
Sonic Colours: Ultimate - Day One Edition,27.34,PEGI-rating: 7 jaar en ouder,PlayStation 4
Rabbids: Party of Legends - PS4,13.95,PEGI-rating: 7 jaar en ouder,PlayStation 4
Worms Battlegrounds (Ps4),19.99,PEGI-rating: 12 jaar en ouder,PlayStation 4
Red Dead Redemption 2 - PS4 (PS4),25.49,PEGI-rating: 18 jaar en ouder,PlayStation 4
Captain Tsubasa: Rise of New Champions (PS4),13.95,PEGI-rating: 7 jaar en ouder,PlayStation 4
Resident Evil 2 Remake PS4,19.9,PEGI-rating: 18 jaar en ouder,PlayStation 4
Serious Poulp - The 7th Continent Core Box: Classic Edition,69,,
Assassin's Creed Origins (PS4),14.95,PEGI-rating: 18 jaar en ouder,PlayStation 4
Naruto Shippuden: Ultimate Ninja Storm 4 - Road to Boruto (PS4),18.25,Advies: ,PlayStation 4
Bus Simulator 21,34.11,PEGI-rating: 3 jaar en ouder,PlayStation 4
Final Fantasy XIv Online - Shadowbringers - Complete Edition,22.9,PEGI-rating: 16 jaar en ouder,PlayStation 4
Resident Evil 8: Village (PS4),27.95,PEGI-rating: 18 jaar en ouder,PlayStation 4
DreamWorks Dragons Dawn of New Riders PS4 Game,17.85,PEGI-rating: 7 jaar en ouder,PlayStation 4
Star Wars Jedi: Fallen Order - PS4 (PS4),28,PEGI-rating: 16 jaar en ouder,PlayStation 4
F1 2021 - PS4 (PS4),22.16,PEGI-rating: 3 jaar en ouder,PlayStation 4
Paw Patrol: Mighty Pups Save Adventure Bay - PS4,17.95,PEGI-rating: 3 jaar en ouder,PlayStation 4
Final Fantasy VIII Remastered PS4,29.75,PEGI-rating: 16 jaar en ouder,PlayStation 4
NieR Replicant ver.1.22474487139 NL Versie - PS4,19.99,PEGI-rating: 18 jaar en ouder,PlayStation 4
Cities: Skylines,30.4,PEGI-rating: 3 jaar en ouder,Playstation 4
Yooka-laylee And The Impossible Lair,14.37,PEGI-rating: 3 jaar en ouder,PlayStation 4
Life is Strange 2 (PlayStation PS4),23.93,USK-beoordeling: Vanaf 12 jaar,PlayStation 4
Call Of Duty Black Ops Iii: Zombies Chronicles Edition (Ps4),20.19,PEGI-rating: 18 jaar en ouder,PlayStation 4
Riders Republic (Playstation 4),26.92,PEGI-rating: 12 jaar en ouder,PlayStation 4
Voor PS5 Optical Drive Edition Host. Console Middle Skin. Middle Strip Sticker Alleen Voor PS5 Optical Drive Edition Host (Koolstofvezel Zwart),9.88,,
Resident Evil 2: Revelations (Ps4),19.99,PEGI-rating: 18 jaar en ouder,PlayStation 4
Mortal Kombat XL (PS4),21.95,PEGI-rating: 18 jaar en ouder,PlayStation 4
House Flipper,25.99,PEGI-rating: 3 jaar en ouder,PlayStation 4
Demon Slayer -Kimetsu no Yaiba- The Hinokami Chronicles,29.99,PEGI-rating: 16 jaar en ouder,PlayStation 4
Atelier Firis : The Alchemist And Mysterious Journey (Ps4),49.99,PEGI-rating: 12 jaar en ouder,PlayStation 4
Little Nightmares Complete Ed (PS4),14.99,PEGI-rating: 12 jaar en ouder,PlayStation 4
Road 96 PS4,23.41,PEGI-rating: 16 jaar en ouder,PlayStation 4
Sega Mega Drive Classics (Playstation 4),19.17,PEGI-rating: 12 jaar en ouder,PlayStation 4
Vader Immortal – A Star Wars Vr Series,26.49,PEGI-rating: 16 jaar en ouder,PlayStation 4
Crash Team Racing Nitro Fueled.,34.9,PEGI-rating: 3 jaar en ouder,PlayStation 4
Titan Quest - Playstation 4 (PS4),8.64,PEGI-rating: 12 jaar en ouder,PlayStation 4
One Piece: Pirate Warriors 4 (PS4),19.95,PEGI-rating: 12 jaar en ouder,PlayStation 4
Hitman III (PSVR Compatible) PS4 (PS4),49.99,PEGI-rating: 18 jaar en ouder,PlayStation 4
Gang Beasts (PS4),17.7,PEGI-rating: 7 jaar en ouder,PlayStation 4
Watch Dogs Legion - Standard Edition (Playstation 4),12,PEGI-rating: 18 jaar en ouder,PlayStation 4
WWE 2K23 - PS4,54.95,PEGI-rating: 16 jaar en ouder,PlayStation 4
Okami HD PS4 Game,24.35,PEGI-rating: 12 jaar en ouder,PlayStation 4
Persona 5 Royal PS4 (PS4),25.1,PEGI-rating: 18 jaar en ouder,PlayStation 4
SONY NHL 22 - PS4,38.21,USK-beoordeling: Vanaf 12 jaar,PlayStation 4
The Crew 2 PS4 Game,16.7,PEGI-rating: 12 jaar en ouder,PlayStation 4
Sonic Forces (Ps4),19.99,PEGI-rating: 7 jaar en ouder,PlayStation 4
ps4 singstar 2014,24.7,PEGI-rating: 12 jaar en ouder,PlayStation 4
Dragon Quest Heroes 2 : Explorer'S Edition (Ps4),17.06,PEGI-rating: 12 jaar en ouder,PlayStation 4
Cat Quest + Cat Quest 2 Pawsome Pack(PS4),15.78,PEGI-rating: 7 jaar en ouder,PlayStation 4
Grand Theft Auto V (Ps4),19.99,PEGI-rating: 18 jaar en ouder,PlayStation 4
JUSTFORGAMES Train SIM World 2 PS4 Verzameler-editie,58.54,,
Five Nights at Freddy's : Security Breach,34.99,PEGI-rating: 12 jaar en ouder,PlayStation 4
Assassin's Creed Unity (PS4),18.95,PEGI-rating: 18 jaar en ouder,PlayStation 4
Elden Ring,55,Advies: ,PlayStation 4
Mortal Kombat 11: Ultimate Edition (PS4),24.99,PEGI-rating: 18 jaar en ouder,PlayStation 4
Far Cry 6 (PS4),22.99,USK-beoordeling: Vanaf 18 jaar,PlayStation 4
Hotel Transylvania: Scary-tale Adventures - PS4,14.99,PEGI-rating: 7 jaar en ouder,PlayStation 4
Persona 5 Strikers - Launch Edition,18.05,PEGI-rating: 16 jaar en ouder,PlayStation 4
Lost Judgment,33.12,PEGI-rating: 18 jaar en ouder,PlayStation 4
Kena: Bridge Of Spirits - Deluxe Edition,32.67,PEGI-rating: 12 jaar en ouder,PlayStation 5
Uncharted: The Nathan Drake Collection - PlayStation Hits - (PS4),17.99,PEGI-rating: 18 jaar en ouder,PlayStation 4
Sakura Wars - Day One Edition (PS4),21.4,PEGI-rating: 16 jaar en ouder,PlayStation 4
LOL Surprise! B.B.s BORN TO TRAVEL - PS4,24.99,PEGI-rating: 3 jaar en ouder,PlayStation 4
Metal Gear: Survive (Ps4),8,PEGI-rating: 18 jaar en ouder,PlayStation 4
One Piece Unlimited World Red Deluxe Edition (Ps4),21.38,PEGI-rating: 12 jaar en ouder,PlayStation 4
Wargroove: Deluxe Edition (PS4),12.21,PEGI-rating: 7 jaar en ouder,PlayStation 4
Dark Souls: Remastered (PS4),18.95,PEGI-rating: 16 jaar en ouder,PlayStation 4
Assassins Creed: The Ezio Collection (Ps4),19.99,PEGI-rating: 18 jaar en ouder,PlayStation 4
F1 2020 70 Jahre F1 Edition (PlayStation PS4),22.9,USK-beoordeling: Geen leeftijdsbeperking,PlayStation 4
SAINTS ROW - Day One Edition,17.95,PEGI-rating: 18 jaar en ouder,PlayStation 4
Fade to Silence (PS4),13.31,PEGI-rating: 16 jaar en ouder,PlayStation 4
Valkyria Revolution (Ps4),13.99,USK-beoordeling: Vanaf 12 jaar,PlayStation 4
Kingdom Hearts 3 (Ps4),12.99,PEGI-rating: 12 jaar en ouder,PlayStation 4
MediEvil - (PS4),28,PEGI-rating: 7 jaar en ouder,PlayStation 4
Ice Age: Scrat's Nutty Adventure (PS4),14.99,PEGI-rating: 7 jaar en ouder,playstation_4
Days Gone - Standard Edition - [PlayStation 4],17.95,PEGI-rating: 18 jaar en ouder,PlayStation 4
Assassins Creed Odyssey (PS4),19.99,PEGI-rating: 18 jaar en ouder,PlayStation 4
JUEGO SONY PS4 HITS RATCHET CLANK,14.54,USK-beoordeling: Vanaf 12 jaar,PlayStation 4
Need For Speed Heat - Standard Edition - [Playstation 4]. Duitse Versie,25,USK-beoordeling: Vanaf 12 jaar,PlayStation 4
Neo The World Ends With You PS4,29.2,PEGI-rating: 12 jaar en ouder,PlayStation 4
Danganronpa Trilogy PS4 Game,53,PEGI-rating: 16 jaar en ouder,PlayStation 4
Need for Speed: Heat - PS4 (PS4),28,PEGI-rating: 16 jaar en ouder,PlayStation 4
Gran Turismo 7,48.86,PEGI-rating: 3 jaar en ouder,PlayStation 4
F1 2020 PS4 Game,30.14,PEGI-rating: 3 jaar en ouder,PlayStation 4
Streets of Rage 4 Anniversary Edition PS4,28.99,PEGI-rating: 12 jaar en ouder,PlayStation 4
Shadow of the Tomb Raider: Definitive Edition (PS4),24.19,PEGI-rating: 18 jaar en ouder,PlayStation 4
CrossCode (PlayStation PS4),19.72,USK-beoordeling: Vanaf 12 jaar,PlayStation 4
We Happy Few (Ps4),23,PEGI-rating: 18 jaar en ouder,PlayStation 4
Astérix & Obélix XXl 3 : Le Menhir De Cristal,14.69,PEGI-rating: 7 jaar en ouder,PlayStation 4
Alan Wake Remastered,21.53,PEGI-rating: 16 jaar en ouder,PlayStation 4
Final Fantasy VII HD Remake (PlayStation PS4),27.99,PEGI-rating: 16 jaar en ouder,PlayStation 4
Hot Wheels Unleashed (Playstation 4),23.06,PEGI-rating: 3 jaar en ouder,PlayStation 4
LEGO City Undercover (PS4),14.95,PEGI-rating: 7 jaar en ouder,PlayStation 4
TALES OF SYMPHONIA REMASTERED - CHOSEN EDITION,42.64,PEGI-rating: 12 jaar en ouder,PS4
The Walking Dead Onslaught Vr,18.53,PEGI-rating: 18 jaar en ouder,PlayStation 4
Secret Of Mana (Ps4),17.82,PEGI-rating: 7 jaar en ouder,PlayStation 4
SONY Riders Republic Ultimate Edition - PS4,33.01,Meer mogelijkheden,PlayStation 4
Lego Brawls - PS4,29.99,PEGI-rating: 7 jaar en ouder,PlayStation 4
Code Vein (PS4),15.89,PEGI-rating: 16 jaar en ouder,PlayStation 4
Ace Combat 7: Skies Unknown (PS4),18.44,PEGI-rating: 16 jaar en ouder,PlayStation 4
Northgard (PS4),21,PEGI-rating: 12 jaar en ouder,PlayStation 4
Tekken 7 + SoulCalibur VI (PS4),22.78,PEGI-rating: 16 jaar en ouder,PlayStation 4
Assetto Corsa: Ultimate Edition (Ps4),24.99,PEGI-rating: 3 jaar en ouder,PlayStation 4
One Piece Pirate Warriors: 3 Playstation Hits (Ps4),19.99,PEGI-rating: 12 jaar en ouder,PlayStation 4
eFootball PES 2020 (PS4),11.49,PEGI-rating: 3 jaar en ouder,PlayStation 4
Naruto Shippuden: Ultimate Ninja Storm 4 (PlayStation Hits) (PS4),14.95,PEGI-rating: 12 jaar en ouder,PlayStation 4
Electronic Arts 26648 Noodzaak voor Speed Payback PS Hits PS4 USK: 12,19.99,,
Farming Simulator 22 (PS4),44.99,PEGI-rating: 3 jaar en ouder,PlayStation 4
Granblue Fantasy Versus (Doostaal Engels)(PS4),22,PEGI-rating: 12 jaar en ouder,PlayStation 4
Dayz,25.46,PEGI-rating: 18 jaar en ouder,PlayStation 4
Ni No Kuni II: Revenant Kingdom (PS4),19.38,PEGI-rating: 12 jaar en ouder,PlayStation 4
Sniper Ghost Warrior Contracts Complete Edition PS4,22.99,PEGI-rating: 18 jaar en ouder,PlayStation 4
Call of Duty Black Ops 3 (Playstation 4),23.88,PEGI-rating: 18 jaar en ouder,PlayStation 4
"Just Dance 2020 (Inclusief ""10.000 Luchtballonnen"" Van K3) (Ps4)",24.9,PEGI-rating: 3 jaar en ouder,PlayStation 4
Disgaea 4 Complete+,16.5,PEGI-rating: 12 jaar en ouder,PlayStation 4
Fast & Furious: Spy Racers Rise of SH1FT3R - PS4,19.95,PEGI-rating: 7 jaar en ouder,PlayStation 4
LEGO: The Incredibles (PS4),14.95,PEGI-rating: 7 jaar en ouder,PlayStation 4
Star Wars: Squadrons (PS4 - PS VR) - NL versie,19.99,PEGI-rating: 16 jaar en ouder,PlayStation 4
Sniper Elite V2 Remastered PS4 (PS4),24.99,PEGI-rating: 16 jaar en ouder,PlayStation 4
Goat Simulator: The Bundle (Ps4),18.76,PEGI-rating: 12 jaar en ouder,PlayStation 4
Naruto Shippuden Ultimate Ninja Storm Trilogy (Ps4),22,PEGI-rating: 12 jaar en ouder,PlayStation 4
Dark Souls III (3) (GOTY Edition) (PS4),29.99,PEGI-rating: 16 jaar en ouder,PlayStation 4
Call of Duty: Modern Warfare - PS4 (PS4),29.95,PEGI-rating: 18 jaar en ouder,PlayStation 4
Resident Evil Village [USK 18 - UNCUT],30.99,USK-beoordeling: Vanaf 18 jaar,PlayStation 4
Batman Arkham Collection PS4,27.68,PEGI-rating: 18 jaar en ouder,PlayStation 4
Assassin's Creed III Remastered (PS4),19.99,PEGI-rating: 18 jaar en ouder,PlayStation 4
MudRunner,23.27,PEGI-rating: 3 jaar en ouder,PlayStation 4
LEGO: Marvel Super Heroes.PS4 (PS4),14.95,PEGI-rating: 7 jaar en ouder,PlayStation 4
Mijn vriendin Peppa Pig - PS4,19.95,PEGI-rating: 3 jaar en ouder,PlayStation 4
Final Vendetta,34.99,PEGI-rating: 12 jaar en ouder,PlayStation 4
Horizon Zero Dawn Complete Edition - PlayStation Hits - (PS4),19.99,PEGI-rating: 18 jaar en ouder,PlayStation 4
Crash Bandicoot N.Sane Trilogy (PS4) (PS4),27.91,PEGI-rating: 7 jaar en ouder,PlayStation 4
PAW Patrol The Movie: Adventure City Calls - PS4,18.95,PEGI-rating: 3 jaar en ouder,PlayStation 4
PAW Patrol: Mighty Pups Save Adventure Bay,19.99,PEGI-rating: 3 jaar en ouder,PlayStation 4
Paw Patrol: On a Roll (PS4),15.95,PEGI-rating: 3 jaar en ouder,PlayStation 4
Dragon Ball: FighterZ (PS4),17.71,PEGI-rating: 12 jaar en ouder,PlayStation 4
2x Power Button Switch Flex Lint Kabel 6 pin Vervanging Compatibel Met Sony PlayStation 5 PS5 KES-497A KEM-497AAA Console,12.99,,
Diablo III: ETERNAL COLLECTION,23.35,USK-beoordeling: Vanaf 16 jaar,PlayStation 4
Rugby 18 voor PS4 - Franse versie,24.9,PEGI-rating: 3 jaar en ouder,PlayStation 4
F1 2020 Schumacher Deluxe Edition (PlayStation PS4),31.16,PEGI-rating: 3 jaar en ouder,PlayStation 4
Bioshock : The Collection - Reissue,22.3,PEGI-rating: 18 jaar en ouder,PlayStation 4
Elder Scrolls Online: Tamriel Unlimited - Crown Edition (Ps4),14.8,PEGI-rating: 18 jaar en ouder,PlayStation 4
Square Enix Kingdom Hearts Melody of Memory Standard English PlayStation 4,21.43,,
Burnout Paradise Remastered (PS4),21.14,PEGI-rating: 7 jaar en ouder,PlayStation 4
Song Of Horror - Deluxe Edition,39.99,PEGI-rating: 16 jaar en ouder,PlayStation 4
Crysis Trilogy Remastered,28.8,PEGI-rating: 16 jaar en ouder,PlayStation 4
The Outer Worlds [Playstation 4],19.72,USK-beoordeling: Vanaf 16 jaar,PlayStation 4
Ion Fury PS4 Game,14.05,PEGI-rating: 18 jaar en ouder,PlayStation 4
One Piece: World Seeker (PS4),20.44,PEGI-rating: 12 jaar en ouder,PlayStation 4
Assassin's Creed III Remastered & Liberation Remastered PS4,20.95,PEGI-rating: 18 jaar en ouder,PlayStation 4
Kingdom Hearts III (PS4),10.95,PEGI-rating: 12 jaar en ouder,PlayStation 4
Sleeping Dogs: Definitive Edition (Ps4),18.8,PEGI-rating: 18 jaar en ouder,PlayStation 4
Slime Rancher,18.95,PEGI-rating: 3 jaar en ouder,PlayStation 4
De Blob 2 - Playstation 4 (PS4),12,PEGI-rating: 7 jaar en ouder,PlayStation 4
Darksiders: Genesis (PS4),12.93,PEGI-rating: 12 jaar en ouder,PlayStation 4
Let's Sing Queen + 1 Microphone (PS4),26.99,PEGI-rating: 12 jaar en ouder,PlayStation 4
Back 4 Blood - Special Edition - PS4,25.99,PEGI-rating: 18 jaar en ouder,PlayStation 4
Evil Dead: The Game - PS4,29.99,PEGI-rating: 18 jaar en ouder,PlayStation 4
Balan Wonderworld NL Versie - PS4,8,PEGI-rating: 7 jaar en ouder,PlayStation 4
Truck Driver PS4,31.15,PEGI-rating: 3 jaar en ouder,PlayStation 4
For Honor,9.99,USK-beoordeling: Vanaf 18 jaar,PlayStation 4
Shenmue III Day One Edition (PS4),15.89,USK-beoordeling: Vanaf 12 jaar,PlayStation 4
Cars 3: Driven To Win (Ps4),18.11,PEGI-rating: 7 jaar en ouder,PlayStation 4
Little Nightmares II NL Versie - PS4,18.72,PEGI-rating: 16 jaar en ouder,PlayStation 4
Far Cry: Primal (Ps4),22.33,PEGI-rating: 18 jaar en ouder,PlayStation 4
The Evil Within 2 (Ps4),14.9,PEGI-rating: 18 jaar en ouder,PlayStation 4
Sony Fast & Furious Crossroads - PS4,18.99,USK-beoordeling: Vanaf 12 jaar,PlayStation 4
Wwe 2K20 (Ps4),18.32,PEGI-rating: 16 jaar en ouder,PlayStation 4
Hello Neighbor 2 - PS4,29.99,Advies: ,PlayStation 4
Aragami 2,28.7,PEGI-rating: 18 jaar en ouder,PlayStation 4
Spirit Luckys Big Adventure PS4,19.99,PEGI-rating: 3 jaar en ouder,PlayStation 4
The Ascent: Cyber Edition -PS4,26.99,PEGI-rating: 18 jaar en ouder,PlayStation 4
Sine Mora Ex (Ps4),12,PEGI-rating: 16 jaar en ouder,PlayStation 4
Devil May Cry 5 Special Edition,,,
Mothergunship (Ps4),10.11,PEGI-rating: 7 jaar en ouder,PlayStation 4
The Dark Pictures Anthology: Triple Pack PS4,43.95,PEGI-rating: 18 jaar en ouder,PlayStation 4
Capcom 26651 DIY,14.99,,
Hitman 2 (Ps4),22,PEGI-rating: 18 jaar en ouder,PlayStation 4
Dragons: Legends of The Nine Realms - PS4,28.63,PEGI-rating: 7 jaar en ouder,PlayStation 4
LEGO: Jurassic World (PS4),16.95,PEGI-rating: 7 jaar en ouder,PlayStation 4
Ghost Of Tsushima - Director’s Cut,59.99,PEGI-rating: 18 jaar en ouder,PlayStation 4
Autowerkstatt Simulator (PlayStation PS4),32.84,PEGI-rating: 3 jaar en ouder,PlayStation 4
Resident Evil 5: Remastered - Playstation 4 (PS4),19.99,PEGI-rating: 18 jaar en ouder,PlayStation 4
A Plague Tale: Innocence (PS4),24.99,PEGI-rating: 18 jaar en ouder,PlayStation 4
Disco Elysium - The Final Cut,29.99,PEGI-rating: 18 jaar en ouder,PlayStation 4
Soul Calibur VI (PS4),15.5,PEGI-rating: 16 jaar en ouder,PlayStation 4
Remnant - From the Ashes (PS4),24.22,PEGI-rating: 16 jaar en ouder,PlayStation 4
Monopoly Madness,12.97,PEGI-rating: 3 jaar en ouder,PlayStation 4
A Plague Tale Innocence,32.99,PEGI-rating: 18 jaar en ouder,PlayStation 4
Hollow Knight,34.99,PEGI-rating: 7 jaar en ouder,PlayStation 4
Mafia: Definitive Edition,,,
Dynasty Warriors 9 EMPIRES,14.98,PEGI-rating: 12 jaar en ouder,PlayStation 4
Surviving Mars (PlayStation PS4),12.71,Engelstalige uitgave,Videogame
Shenmue 1/2 (Ps4),23.62,PEGI-rating: 16 jaar en ouder,PlayStation 4
Dragon Ball FighterZ (PS4),19.99,PEGI-rating: 12 jaar en ouder,PlayStation 4
Oproep van plicht ZWART OPS KOUDE WAR - PS4,34.65,,
Resident Evil 2 (PS4),23.67,PEGI-rating: 18 jaar en ouder,PlayStation 4
Spirit Of The North,25.55,PEGI-rating: 7 jaar en ouder,PlayStation 4
Bethesda Doom Eternal - PlayStation 4 [Standaard Editie],15.31,,
Dead Island: Definitive Edition (Ps4),17.52,PEGI-rating: 18 jaar en ouder,PlayStation 4
Andro Dunos 2,29.99,PEGI-rating: 7 jaar en ouder,PlayStation 4
Little Witch Nobeta - Day One Edition (PS4),54.95,PEGI-rating: 12 jaar en ouder,PlayStation 4
Gigantosaurus The Game (PS4),24.99,PEGI-rating: 3 jaar en ouder,PlayStation 4
Ikai,19.99,PEGI-rating: 16 jaar en ouder,PlayStation 4
One Piece World Seeker,18.99,USK-beoordeling: Vanaf 12 jaar,PlayStation 4
Overcooked !: Gourmet Edition (Ps4),14.95,PEGI-rating: 3 jaar en ouder,PlayStation 4
Lego La Grande Aventure – Le Jeu VIdéo,14.95,PEGI-rating: 7 jaar en ouder,PlayStation 4
Koh Lanta : Les Aventuriers,20,PEGI-rating: 7 jaar en ouder,PlayStation 5
Atelier Ryza 2 : Lost Legends & The Secret Fairy,49.9,PEGI-rating: 12 jaar en ouder,PlayStation 4
Assassin's Creed 4 Black Flag (PS4),17.99,PEGI-rating: 18 jaar en ouder,PlayStation 4
Control - Ultimate Edition,20.63,PEGI-rating: 16 jaar en ouder,PlayStation 4
Alien: Isolation (Ps4),17.46,PEGI-rating: 18 jaar en ouder,PlayStation 4
Prey (Ps4),16.95,PEGI-rating: 18 jaar en ouder,PlayStation 4
Ghost of Tsushima - Director's Cut - PS4,49.99,PEGI-rating: 18 jaar en ouder,PlayStation 4
Injustice 2 Legendary Edition (PlayStation 4) (PS4),27.99,PEGI-rating: 16 jaar en ouder,PlayStation 4
Astroneer (PS4),29.99,PEGI-rating: 7 jaar en ouder,PlayStation 4
Assassin's Creed Rogue Remastered (PS4),17.29,PEGI-rating: 18 jaar en ouder,PlayStation 4
Nights Of Azure 2 Bride The New Moon (Ps4),23.84,PEGI-rating: 12 jaar en ouder,PlayStation 4
Battlefield 1 (Ps4),18.74,PEGI-rating: 18 jaar en ouder,PlayStation 4
Dreams - (PS4),25.89,PEGI-rating: 12 jaar en ouder,PlayStation 4
Sony SPIDER-MAN MARVEL'S: MILES MORALES ULTIMATE PS5 USK: 12,87.96,USK-beoordeling: Vanaf 12 jaar,PlayStation 4
On The Road : Truck Simulator,29.09,PEGI-rating: 3 jaar en ouder,PlayStation 4
Dark Souls II: Scholar of the First Sin (PS4),24.02,PEGI-rating: 16 jaar en ouder,PlayStation 4
Road Maintenance Simulator - PS4,23.01,PEGI-rating: 3 jaar en ouder,PlayStation 4
Resident Evil 3 Remake PS4 Game,22.9,PEGI-rating: 18 jaar en ouder,PlayStation 4
Metal Gear Solid V : The Definitive Experience,19.5,PEGI-rating: 18 jaar en ouder,PlayStation 4
World War Z Aftermath,19.99,PEGI-rating: 18 jaar en ouder,PlayStation 4
Apex Legends - Bloodhound Edition - PS4 (PS4),16.63,PEGI-rating: 16 jaar en ouder,PlayStation 4
Kingdom Hearts: Hd 1.5 + 2.5 Remix (Ps4),17.5,PEGI-rating: 12 jaar en ouder,PlayStation 4
Neverwinter Nights: Enhanced Edition (PS4),12.89,Prijs en andere details kunnen variëren op basis van de maat en kleur van het product.,PlayStation 4
South Park : L'annale Du Destin,19.66,PEGI-rating: 18 jaar en ouder,PlayStation 4
La Collection The Elder Scrolls Online: Blackwood,44.56,PEGI-rating: 18 jaar en ouder,PlayStation 4
Middle-Earth: Shadow Of War (Ps4),12.7,PEGI-rating: 18 jaar en ouder,PlayStation 4
Mortal Kombat Xl,24.67,PEGI-rating: 18 jaar en ouder,PlayStation 4
Disgaea 6 Complete - Deluxe Edition,64.82,PEGI-rating: 12 jaar en ouder,PlayStation 4
Ghost of Tsushima PS4 Game,27.95,PEGI-rating: 18 jaar en ouder,PlayStation 4
Guilty Gear Revelator Xrd 2 PS4 Game,14.9,PEGI-rating: 12 jaar en ouder,PlayStation 4
World Of Final Fantasy (Ps4),18.76,PEGI-rating: 12 jaar en ouder,PlayStation 4
Crisis Core: Final Fantasy VII - Reunion (PS4),46.99,PEGI-rating: 16 jaar en ouder,PlayStation 4
Final Fantasy X/X-2 Hd Remaster (Ps4),18.56,PEGI-rating: 12 jaar en ouder,PlayStation 4
Okami Hd (Ps4),19.99,PEGI-rating: 12 jaar en ouder,PlayStation 4
The Elder Scrolls Online: Summerset (Ps4),8,PEGI-rating: 18 jaar en ouder,PlayStation 4
The Elder Scrolls Online: Morrowind (Ps4),11.85,PEGI-rating: 18 jaar en ouder,PlayStation 4
Need for Speed,31.77,USK-beoordeling: Vanaf 12 jaar,PlayStation 4
Hellblade Sensuas Sacrifice (Ps4),21.5,PEGI-rating: 16 jaar en ouder,PlayStation 4
Videogioco Koei Tecmo Atelier Ryza 2: Lost Legends & The Secret Fairy,56.91,PEGI-rating: 12 jaar en ouder,PlayStation 4
Death Stranding - Standard Edition [PlayStation 4],19.99,PEGI-rating: 18 jaar en ouder,PlayStation 4
Mortal Kombat 11 - Ultimate Edition (Includes Kombat Pack 1 & 2 + Aftermath Expansion) PS4 (PS4),29.99,PEGI-rating: 18 jaar en ouder,PlayStation 4
Fifa 22,41.5,PEGI-rating: 3 jaar en ouder,PlayStation 4
Valentino Rossi The Game MustHave,24,PEGI-rating: 3 jaar en ouder,PlayStation 4
Rayman Legends (Ps4),16.21,PEGI-rating: 7 jaar en ouder,PlayStation 4
Observer System Redux - Day One Edition (incl. Art Book & Soundtrack),21.3,USK-beoordeling: Vanaf 18 jaar,PlayStation 4
The Last of Us Part II - Special Edition [PlayStation 4] (Uncut),103.99,USK-beoordeling: Vanaf 18 jaar,PlayStation 4
Assassin's Creed Syndicate (PS4),15.95,PEGI-rating: 18 jaar en ouder,PlayStation 4
Train Sim World 2020 Collector's Edition (PS4),30.14,PEGI-rating: 3 jaar en ouder,PlayStation 4
Among Us - Crewmate Edition PS4 (PS4),19.95,PEGI-rating: 7 jaar en ouder,PlayStation 4
Yakuza Kiwami (Playstation 4) (PS4),27.49,PEGI-rating: 18 jaar en ouder,PlayStation 4
JoJo's Bizarre Adventure: Eyes of Heaven,22,PEGI-rating: 12 jaar en ouder,PlayStation 4
Tom Clancy's Ghost Recon : Breakpoint (PS4),15.96,PEGI-rating: 18 jaar en ouder,PlayStation 4
Bayonetta & Vanquish Double Pack - Standard Edition (PS4),21.5,PEGI-rating: 18 jaar en ouder,PlayStation 4
Empire Of Sin - Day One,15,PEGI-rating: 16 jaar en ouder,PlayStation 4
Assassin's Creed: Mirage - PS4,41.95,PEGI-rating: 18 jaar en ouder,PlayStation 4
Tekken 7 - Legendary Edition,27.23,PEGI-rating: 16 jaar en ouder,PlayStation 4
Dragon Ball Xenoverse 2 - Playsation Hits (PS4),19.99,PEGI-rating: 12 jaar en ouder,PlayStation 4
Lego Marvel Avengers Collection PS4 Game,34.48,PEGI-rating: 7 jaar en ouder,PlayStation 4
Override 2: Super Mech League - Deluxe Edition,14.47,PEGI-rating: 12 jaar en ouder,PlayStation 4
Naruto to Boruto: Shinobi Striker (PS4),18,USK-beoordeling: Vanaf 12 jaar,PlayStation 4
Crystar PS4,29.9,PEGI-rating: 12 jaar en ouder,PlayStation 4
Troll Hunters Defenders Of Arcadia (PS4),18,PEGI-rating: 7 jaar en ouder,PlayStation 4
Assassin'S Creed: Syndicate (Ps4),19.99,PEGI-rating: 18 jaar en ouder,PlayStation 4
Samurai Shodown,18.99,PEGI-rating: 16 jaar en ouder,PlayStation 4
Yakuza Remastered Collection - Standard Edition (PS4),25.86,PEGI-rating: 18 jaar en ouder,PlayStation 4
Dragon Quest XI S: Streiter des Schicksals - Definitive Edition (PS4),20.29,PEGI-rating: 12 jaar en ouder,PlayStation 4
It Takes Two (PS4) DE-Version PS5 Enhanced inklusive,32.51,USK-beoordeling: Vanaf 12 jaar,PlayStation 4
The Ascent (Standard Edition) - PS4,19.99,PEGI-rating: 18 jaar en ouder,PlayStation 4
Call Of Duty Ww2 (Ps4),34.19,USK-beoordeling: Vanaf 18 jaar,PlayStation 4
Resident Evil VIllage,32.9,,
Lego Batman 3: Beyond Gotham - PlayStation Hits (PS4),17.48,PEGI-rating: 7 jaar en ouder,PlayStation 4
Skyrim VR - (PS4),22,PEGI-rating: 18 jaar en ouder,PlayStation 4
Five Nights At Freddy’s: Help Wanted,29.99,PEGI-rating: 12 jaar en ouder,PlayStation 4
Sonic Mania Plus (PS4),19.99,PEGI-rating: 3 jaar en ouder,PlayStation 4
Call of Duty World War II (Playstation 4),24.78,PEGI-rating: 18 jaar en ouder,PlayStation 4
Gran Turismo 7 - PS4,55,PEGI-rating: 3 jaar en ouder,PlayStation 4
Black Mirror - Playstation 4 (PS4),9.9,PEGI-rating: 16 jaar en ouder,PlayStation 4
Kingdom Hearts: Melody of Memory - PS4,17.9,PEGI-rating: 12 jaar en ouder,PlayStation 4
F1 2021: Standard Edition NL Versie - PS4,28.74,PEGI-rating: 3 jaar en ouder,PlayStation 4
God Of War - Playstation Hits,23.99,PEGI-rating: 18 jaar en ouder,PlayStation 4
Assassins Creed Valhalla PS4,23.95,PEGI-rating: 18 jaar en ouder,PlayStation 4
God of War 3 Remastered - PlayStation Hits - (PS4),19.98,PEGI-rating: 18 jaar en ouder,PlayStation 4
Shenmue III: Day One Edition (PS4),18.11,PEGI-rating: 16 jaar en ouder,PlayStation 4
Kingdom Come Deliverance Royal Edition (PS4),29.97,PEGI-rating: 18 jaar en ouder,PlayStation 4
SONY Mortal Kombat 11 Ultimate - PS4 USK18,30.81,PEGI-rating: 18 jaar en ouder,PlayStation 4
Jagged Alliance: Rage! (Ps4),9.36,PEGI-rating: 18 jaar en ouder,PlayStation 4
Cloudpunk (PlayStation PS4),41.05,Duitstalige uitgave,Videogame
Dead Cells - Action Game of the Year (PS4),21.38,PEGI-rating: 16 jaar en ouder,PlayStation 4
Crash Team Racing Nitro-Fueled - PS4 PC DVD,28,PEGI-rating: 3 jaar en ouder,PlayStation 4
Pro Fishing Simulator (Ps4),32.89,PEGI-rating: 3 jaar en ouder,PlayStation 4
Moving Out,15.07,PEGI-rating: 3 jaar en ouder,PlayStation 4
LEGO Marvel Super Heroes Collection (PS4),24.9,PEGI-rating: 7 jaar en ouder,PlayStation 4
Horizon: Zero Dawn Steelbook (excl. bij Amazon.de). [bevat geen game],15,USK-beoordeling: Geen leeftijdsbeperking,PlayStation 4
Citadel: Forged with Fire (PS4),9.5,PEGI-rating: 16 jaar en ouder,PlayStation 4
Mass Effect: Legendary Edition - PS4,27.95,PEGI-rating: 18 jaar en ouder,PlayStation 4
Need For Speed (Ps4),21.68,PEGI-rating: 12 jaar en ouder,PlayStation 4
Lego Marvel Super Heroes (Ps4),20.95,PEGI-rating: 7 jaar en ouder,PlayStation 4
Morbid The Seven Acolytes (PS4),22,PEGI-rating: 16 jaar en ouder,PlayStation 4
Middle-Earth: Shadow of War (Definitive Edition) (PS4),24.99,PEGI-rating: 18 jaar en ouder,PlayStation 4
Lego Harry Potter collectie / PS4,21.55,PEGI-rating: 7 jaar en ouder,PlayStation 4
Battlefield V (PS4),22.11,PEGI-rating: 16 jaar en ouder,PlayStation 4
Are You Smarter Than A 5th Grader PS4,12.29,PEGI-rating: 3 jaar en ouder,PlayStation 4
Marvel's Guardians of the Galaxy,28.58,PEGI-rating: 16 jaar en ouder,PlayStation 4
Mad Max PS4 Game (PlayStation Hits),22.48,PEGI-rating: 18 jaar en ouder,PlayStation 4
Slime Rancher Deluxe Edition (PlayStation PS4),27.39,USK-beoordeling: Geen leeftijdsbeperking,PlayStation 4
Owlboy (Ps4),24.99,PEGI-rating: 7 jaar en ouder,PlayStation 4
Yakuza Like a Dragon Day Ichi Steelbook Edition PS4 Game,25.71,PEGI-rating: 18 jaar en ouder,PlayStation 4
F1 2019,14.95,PEGI-rating: 3 jaar en ouder,PlayStation 4
Earthlock: Festival of Magic (PS4),15.58,PEGI-rating: 12 jaar en ouder,PlayStation 4
Under Night In-Birth Exe Late[cl-r] - PS4,18,PEGI-rating: 12 jaar en ouder,PlayStation 4
Jumanji: The Video Game (PS4),18,PEGI-rating: 7 jaar en ouder,PlayStation 4
Final Fantasy XIv Online - Shadowbringers,20.07,PEGI-rating: 16 jaar en ouder,PlayStation 4
Fantasy Friends,18,PEGI-rating: 3 jaar en ouder,PlayStation 4
Resident Evil remake 2 uncut PEGI - Bonus Edition - PS4,19.9,PEGI-rating: 18 jaar en ouder,PlayStation 4
Videogioco Electronic Arts Unravel Yarny Bundle,49.99,PEGI-rating: 7 jaar en ouder,PlayStation 4
Doom: Virtual Reality Edition (Ps4),17.15,PEGI-rating: 18 jaar en ouder,PlayStation 4
Death Mark (Ps4),28,PEGI-rating: 16 jaar en ouder,PlayStation 4
Tom Clancy's - De Divisie 2/PS4 [,9.99,PEGI-rating: 18 jaar en ouder,PlayStation 4
Desperados 3 (PS4),15.5,PEGI-rating: 16 jaar en ouder,PlayStation 4
NieR: Automata Game of the YoRHa Edition (PlayStation PS4),22,PEGI-rating: 18 jaar en ouder,PlayStation 4
Iron Harvest Complete Edition,23.99,PEGI-rating: 16 jaar en ouder,PlayStation 5
Assassin's Creed: eenheid,19.92,PEGI-rating: 18 jaar en ouder,PlayStation 4
Omen Of Sorrow (Ps4),12,PEGI-rating: 18 jaar en ouder,PlayStation 4
Lego The Ninjago Movie: Videogame (Ps4),16.35,PEGI-rating: 3 jaar en ouder,PlayStation 4
Doom (Ps4),26.11,PEGI-rating: 18 jaar en ouder,PlayStation 4
Kotodama : The 7 Mysteries Of Fujisawa,12,PEGI-rating: 12 jaar en ouder,PlayStation 4
Spyro: Reignited Trilogy/ PS4 [,28,PEGI-rating: 7 jaar en ouder,PlayStation 4
Need for Speed: Hot Pursuit Remastered - PS4,27.82,PEGI-rating: 12 jaar en ouder,PlayStation 4
Doki Doki Literature Club Plus! Premium Physical Edition,36.86,PEGI-rating: 18 jaar en ouder,PlayStation 4
Team Sonic Racing - 30th Anniversary Edition,29.99,PEGI-rating: 3 jaar en ouder,PlayStation 4
Far Cry 3 - Classic Edition,19.99,PEGI-rating: 18 jaar en ouder,PlayStation 4
Trials of Mana - UK Import,28,PEGI-rating: 12 jaar en ouder,PlayStation 4
Valkyria Chronicles 4 (PS4),19.99,PEGI-rating: 16 jaar en ouder,PlayStation 4
Lego Harry Potter Years 1-4/Harry 5-7 (Ps4),14.99,PEGI-rating: 3 jaar en ouder,PlayStation 4
Chef Life: A Restaurant Simulator (PS4),49.9,PEGI-rating: 3 jaar en ouder,PlayStation 4
Yu Gi Oh Photon Hypernova Display,98.36,Meer mogelijkheden,PlayStation 4
Assassin'S Creed: Odyssey (Ps4),19.99,PEGI-rating: 16 jaar en ouder,PlayStation 4
Sniper: Ghost Warrior 3 Season Pass Edition (PS4),24.99,PEGI-rating: 18 jaar en ouder,PlayStation 4
Fortnite - Anime Legends - PS4,19.99,PEGI-rating: 12 jaar en ouder,PlayStation 4
Darksiders: Warmastered Edition (Ps4),19.99,PEGI-rating: 12 jaar en ouder,PlayStation 4
Assetto Corsa Competizione PS4 Game,40.28,PEGI-rating: 3 jaar en ouder,PlayStation 4
Utawarerumono: Mask of Truth,56.33,PEGI-rating: 18 jaar en ouder,PlayStation 4
Tiny Troopers Joint Ops: Zombie Edition (Ps4),15.49,PEGI-rating: 12 jaar en ouder,PlayStation 4
Marvel's Avengers (PS4),18.61,PEGI-rating: 16 jaar en ouder,PlayStation 4
South Park: The Fractured But Whole (Includes Southpark: The Stick of Truth) PS4 [,30.14,PEGI-rating: 18 jaar en ouder,PlayStation 4
Project Cars 3 (PS4),18.75,PEGI-rating: 3 jaar en ouder,PlayStation 4
Samurai Warriors 5 - PS4,28,PEGI-rating: 16 jaar en ouder,PlayStation 4
Far Cry 3: Classic Edition (Ps4),19.99,PEGI-rating: 18 jaar en ouder,PlayStation 4
Resident Evil 7 Biohazard (PSVR Compatible) PS4 (PS4),18.19,PEGI-rating: 18 jaar en ouder,PlayStation 4
Mx Vs. Atv : All Out,19.87,PEGI-rating: 3 jaar en ouder,PlayStation 4
Far Cry : New Dawn,17.82,Meer mogelijkheden,Videogame
Baja: Edge Of Control (Ps4),15.92,PEGI-rating: 3 jaar en ouder,PlayStation 4
Yupitergrad PS4 Game (PSVR Required),14.99,PEGI-rating: 7 jaar en ouder,PlayStation 4
Nier Replicant PS4,29.86,PEGI-rating: 18 jaar en ouder,PlayStation 4
Street Fighter V (Ps4),22.89,PEGI-rating: 18 jaar en ouder,PlayStation 4
Harvest Moon: Mad Dash (PS4),10.21,PEGI-rating: 3 jaar en ouder,PlayStation 4
Resident Evil 7: Biohazard (PlayStation Hits)/VR (PS4),19.99,PEGI-rating: 18 jaar en ouder,PlayStation 4
Final Fantasy,45.36,USK-beoordeling: Vanaf 12 jaar,PlayStation 4
Undernauts - Labyrinth of Yomi PS4,28.64,PEGI-rating: 12 jaar en ouder,PlayStation 4
Borderlands 3 (Ps4),9.63,USK-beoordeling: Vanaf 18 jaar,PlayStation 4
Deathsmiles I･II (Playstation 4),39.49,PEGI-rating: 12 jaar en ouder,PlayStation 4
Subnautica: Onder nul,18,PEGI-rating: 12 jaar en ouder,PlayStation 4
Pure Chess (Ps4),21,PEGI-rating: 3 jaar en ouder,PlayStation 4
Monster Hunter World: Iceborne. PS4,29.99,PEGI-rating: 16 jaar en ouder,PlayStation 4
Resident Evil Village PS4,34.1,PEGI-rating: 18 jaar en ouder,PlayStation 4
GRID: Day One Edition (PS4),19.99,PEGI-rating: 3 jaar en ouder,PlayStation 4
Marvel's Avengers PS4 (PS4),15.35,PEGI-rating: 16 jaar en ouder,PlayStation 4
Maglam Lord,27.59,PEGI-rating: 12 jaar en ouder,PlayStation 4
Ys: Memories Of Celceta,22.55,PEGI-rating: 12 jaar en ouder,PlayStation 4
EA Sports Ufc 3,21.01,PEGI-rating: 12 jaar en ouder,PlayStation 4
Astria Ascending,19.99,PEGI-rating: 12 jaar en ouder,PlayStation 4
The Elder Scrolls Online: Blackwood Collection (PS4),30.99,PEGI-rating: 18 jaar en ouder,PlayStation 4
Project Highrise: Architects Edition (Ps4),7.65,PEGI-rating: 3 jaar en ouder,PlayStation 4
Ys IX : Monstrum Nox - Pact Edition,49.41,PEGI-rating: 12 jaar en ouder,PlayStation 4
The LEGO Movie 2 Videogame (PS4),19.99,PEGI-rating: 18 jaar en ouder,PlayStation 4
Digimon World Next Order (Ps4),29.99,PEGI-rating: 7 jaar en ouder,PlayStation 4
Lego The Incredibles (Ps4),19.99,PEGI-rating: 7 jaar en ouder,PlayStation 4
Huntdown (Playstation 4) (PS4),25.99,PEGI-rating: 16 jaar en ouder,PlayStation 4
Hellblade: Senuas Sacrifice (Ps4),22,PEGI-rating: 18 jaar en ouder,PlayStation 4
Ultra Age,24.9,,
Wolfenstein: Alt History Collection,30.73,PEGI-rating: 18 jaar en ouder,PlayStation 4
Kaze and the Wild Masks (PS4),25.86,PEGI-rating: 7 jaar en ouder,PlayStation 4
Warhammer 40.000: Inquisitor - Martyr (Ps4),14.83,PEGI-rating: 18 jaar en ouder,Xbox One
Fifa 17/PS4 UK (meertalige ITA).,14.99,PEGI-rating: 3 jaar en ouder,PlayStation 4
Fallout 76 (Ps4),8,PEGI-rating: 18 jaar en ouder,PlayStation 4
Stellaris - Console Edition (PS4),22,PEGI-rating: 7 jaar en ouder,PlayStation 4
Tales of Vesperia.,59.97,PEGI-rating: 12 jaar en ouder,PlayStation 4
PGA Tour 2K23 - PS4,33.99,PEGI-rating: 3 jaar en ouder,PlayStation 4
Dragon Ball Z: Kakarot - [PlayStation 4],22.99,USK-beoordeling: Vanaf 12 jaar,PlayStation 4
The Pinball Arcade Season 2 PS4,19.97,PEGI-rating: 12 jaar en ouder,PlayStation 4
Puyo Puyo Tetris 2 Limited Edition (PS4),15.77,PEGI-rating: 3 jaar en ouder,PlayStation 4
Batman: Arkham Collection,26.67,PEGI-rating: 18 jaar en ouder,PlayStation 4
Worlds (Ps4),14.99,PEGI-rating: 7 jaar en ouder,PlayStation 4
Playstation Minecraft Starter Collection Refresh PS4,36.67,PEGI-rating: 7 jaar en ouder,PlayStation 4
Puyo Puyo Tetris 2,15.23,PEGI-rating: 3 jaar en ouder,PlayStation 4
Minecraft Legends - Deluxe Edition - PS4,39.8,PEGI-rating: 7 jaar en ouder,PlayStation 4
Warhammer 40.000: Mechanicus (PlayStation PS4),17.95,PEGI-rating: 12 jaar en ouder,PlayStation 4
The Last Of Us Part II (PS4),41,PEGI-rating: 18 jaar en ouder,PlayStation 4
Tom Clancy’s Ghost Recon Breakpoint Ultimate Edition - [Playstation 4],34.62,PEGI-rating: 18 jaar en ouder,PlayStation 4
Ghost Of Tsushima - Standard Edition [Playstation 4],25.95,PEGI-rating: 18 jaar en ouder,PlayStation 4
Deep Silver Hunt: Showdown. PS4 video game PlayStation 4 Basic English - Deep Silver Hunt: Showdown. PS4. PlayStation 4. Shooter/Horror. Multiplayer mode. M (Mature),42.22,PEGI-rating: 18 jaar en ouder,PlayStation 4
New Tales from the Borderlands - Deluxe Edition - PS4,24.39,PEGI-rating: 18 jaar en ouder,PlayStation 4
GHOST RECON WILDLANDS GOLD 2 - PS4 nv prix,32.15,PEGI-rating: 18 jaar en ouder,PlayStation 4
ACE COMBAT 7: SKIES UNKNOWN : TOP GUN MAVERICK EDITION,27.68,PEGI-rating: 12 jaar en ouder,PlayStation 4
Odin Sphere Leifdrasir (Ps4),39.93,PEGI-rating: 12 jaar en ouder,PlayStation 4
Final Fantasy Xv: Day One Edition (Ps4),12.9,PEGI-rating: 16 jaar en ouder,PlayStation 4
Kitaria Fables,12.62,PEGI-rating: 7 jaar en ouder,PlayStation 4
Disney Classic Games Collection : Le Livre de la Jungle. Aladdin et Le Roi Lion,30.06,PEGI-rating: 7 jaar en ouder,PlayStation 4
Stardew Valley (PlayStation PS4),24.42,USK-beoordeling: Vanaf 6 jaar,PlayStation 4
SKATER XL (PS4),34.99,PEGI-rating: 3 jaar en ouder,PlayStation 4
GOD VAN DE Oorlog 3 PSH - PS4,22.68,PEGI-rating: 18 jaar en ouder,PlayStation 4
Pinball Arcade (Ps4),17.85,Advies: ,PlayStation 4
Doom Eternal (PS4),24.47,PEGI-rating: 18 jaar en ouder,PlayStation 4
JUEGO SONY PS4 THE LAST OF US II,29.63,USK-beoordeling: Vanaf 16 jaar,PlayStation 4
Star Wars: Battlefront 2 (PS4),21.49,PEGI-rating: 16 jaar en ouder,PlayStation 4
Ps4 Batman: Return to Arkham (Asylum + Arkham City) (Eu).,19.6,Advies: ,PlayStation 4
Trials Fusion: Theawesome Max Edition (Ps4),18.26,PEGI-rating: 12 jaar en ouder,PlayStation 4
Batman: Arkham Collection (PS4),30.74,PEGI-rating: 18 jaar en ouder,PlayStation 4
LEGO: Marvel Super Heroes 2 (PS4),16.39,PEGI-rating: 7 jaar en ouder,PlayStation 4
LEGO: Marvel's Avengers (PS4),14.95,PEGI-rating: 7 jaar en ouder,PlayStation 4
Let's Sing 2022 + 1 Microphone International Version,32.75,PEGI-rating: 12 jaar en ouder,PlayStation 4
Lego Dc Super-Villains (Ps4),19.99,USK-beoordeling: Vanaf 6 jaar,PlayStation 4
Sid Meier´s Civilization Vl - [PlayStation 4],29.06,USK-beoordeling: Vanaf 12 jaar,PlayStation 4
Nights Of Azure 2 : Bride Of The New Moon,33.55,PEGI-rating: 12 jaar en ouder,PlayStation 4
Astroneer,32.05,PEGI-rating: 7 jaar en ouder,PlayStation 4
New Gundam Breaker (PS4),14,PEGI-rating: 7 jaar en ouder,PlayStation 4
Tom Clancy's The Division 2 - Standard Edition (PS4),8,PEGI-rating: 18 jaar en ouder,PlayStation 4
Hatsune Miku: Project Diva X (Launch Edition),29.39,USK-beoordeling: Vanaf 16 jaar,PlayStation 4
Martha Is Dead,29.39,USK-beoordeling: Vanaf 16 jaar,PlayStation 4
Konami B01MAWML2F.Metal Gear Solid - PS4,20,PEGI-rating: 18 jaar en ouder,PlayStation 4
Leisure Suit Larry - Wet Dreams Dry Twice,19.6,PEGI-rating: 16 jaar en ouder,PlayStation 4
Electronic Arts FIFA 22 PS4 USK: 0,,,
Sgzh School Girl Zombie Hunter (Ps4),30.18,Meer mogelijkheden,PlayStation 4
Fruit Ninja PS4 Game (PSVR Required),21.33,PEGI-rating: 3 jaar en ouder,PlayStation 4
OMORI - PS4,44.99,PEGI-rating: 18 jaar en ouder,PlayStation 4
UbiSoft IMMORTALS FENYX RISING (KOSTENLOSES UPGRADE to PS5-VERSION) PS4 USK: 12,15.6,USK-beoordeling: Vanaf 12 jaar,PlayStation 4
Hokko Life (PS4),18.07,Meer mogelijkheden,PlayStation 4
PJ Masks Heroes of The Night PS4,19.99,PEGI-rating: 3 jaar en ouder,PlayStation 4
Spiritfarer,14.89,PEGI-rating: 12 jaar en ouder,PlayStation 4
Monkey King : Hero Is Back,11,PEGI-rating: 12 jaar en ouder,PlayStation 4
Ghostbusters: Spirits Unleashed - PS4,29.99,Advies: ,PlayStation 4
LEGO: Ninjago Movie Game (PS4),16.99,PEGI-rating: 7 jaar en ouder,PlayStation 4
Street Fighter: 30Th Anniversary Collection (Ps4),19.99,PEGI-rating: 18 jaar en ouder,PlayStation 4
Batman Arkham Knight PS4 Game (PlayStation Hits),14.99,PEGI-rating: 18 jaar en ouder,PlayStation 4
Blair Witch (PS4),18.56,PEGI-rating: 16 jaar en ouder,PlayStation 4
Trackmania Turbo (Ps4),16.04,PEGI-rating: 7 jaar en ouder,PlayStation 4
Videogioco Sony Interactive Until Dawn PS HITS,17.99,PEGI-rating: 18 jaar en ouder,PlayStation 4
Sonic Forces (Standard Edition) (PS4),22.34,PEGI-rating: 7 jaar en ouder,Niet Machinespecifiek
Far Cry 6,29,PEGI-rating: 18 jaar en ouder,PlayStation 4
Sakuna: Of Rice and Ruin (PS4),25.99,PEGI-rating: 16 jaar en ouder,PlayStation 4
Dead by Daylight (Special Edition),22.76,PEGI-rating: 18 jaar en ouder,PlayStation 4
Special Price - Dark Souls III (3) (PS4),21.38,PEGI-rating: 16 jaar en ouder,PlayStation 4
Spider Man (Ps4),41.95,PEGI-rating: 16 jaar en ouder,PlayStation 4
Bladed Fury,17.99,PEGI-rating: 12 jaar en ouder,PlayStation 4
Far Cry Primal,19.99,PEGI-rating: 18 jaar en ouder,PlayStation 4
Divinity: Original Sin 2 (Definitive Edition) (PS4),49.95,PEGI-rating: 18 jaar en ouder,PlayStation 4
Fifa 16 (Ps4),7.41,PEGI-rating: 3 jaar en ouder,PlayStation 4
South Park The Fractured But Whole (PS4),,,
The Legend Of Heroes : Trails Of Cold Steel II,24.99,PEGI-rating: 12 jaar en ouder,PlayStation 4
Back 4 Blood - PS4,16.95,PEGI-rating: 18 jaar en ouder,PlayStation 4
Marvel's Avengers Deluxe Edition [Playstation 4],24.99,PEGI-rating: 16 jaar en ouder,PlayStation 4
Ninja Saviors Return of the Warriors - Ninja Art Ed.(PS4),24.81,Duitstalige uitgave,Videogame
Oncharted: The Lost Legacy Standard [PlayStation 4],26.22,PEGI-rating: 16 jaar en ouder,PlayStation 4
Fimbul (PS4),8.95,PEGI-rating: 16 jaar en ouder,PlayStation 4
Rock of Ages 3 Make & Break (PS4),23.57,PEGI-rating: 12 jaar en ouder,PlayStation 4
Battle Worlds Kronos (Ps4),6.95,PEGI-rating: 12 jaar en ouder,PlayStation 4
Just Dance 2022 PS4,30.03,PEGI-rating: 3 jaar en ouder,PlayStation 4
Anthem - PS4 (PS4),10.57,PEGI-rating: 16 jaar en ouder,PlayStation 4
This is the Police 2 (PS4),9.99,Meer mogelijkheden,Videogame
BioShock - The Collection,27.79,USK-beoordeling: Vanaf 18 jaar,PlayStation 4
Spacebase Startopia (PS4),8,PEGI-rating: 3 jaar en ouder,PlayStation 4
Space Junkies,8,PEGI-rating: 18 jaar en ouder,PlayStation 4
Blaze and the Monster Machines: Axle City Racers - PS4,16.95,PEGI-rating: 3 jaar en ouder,PlayStation 4
The Legend Of Heroes : Trails Of Cold Steel,24.99,PEGI-rating: 12 jaar en ouder,PlayStation 4
SEGA 198525.TOKYO 2020 - Olympic Games The Official Video Game (PS4),22,PEGI-rating: 12 jaar en ouder,PlayStation 4
Star Wars Jedi: Fallen Order - Standard Edition - [Playstation 4],28,PEGI-rating: 16 jaar en ouder,PlayStation 4
THE DARK PICTURES VOLUME 2 (HOUSE OF HASHES + THE DEVIL IN ME) PS 4,41.95,PEGI-rating: 18 jaar en ouder,PS4
Far Cry 5 (Ps4),19.99,PEGI-rating: 18 jaar en ouder,PlayStation 4
NBA 2K22 - NL Versie PS4,29.99,PEGI-rating: 3 jaar en ouder,PlayStation 4
Terraria - Playstation Hits (Doostaal Engels)(PS4),19.99,PEGI-rating: 12 jaar en ouder,PlayStation 4
Rage 2 PS4 Game (PS4),9.4,PEGI-rating: 18 jaar en ouder,PlayStation 4
Streets of Rage 4 PS4,36,PEGI-rating: 12 jaar en ouder,PlayStation 4
Gta V (Ps4),24.74,PEGI-rating: 18 jaar en ouder,PlayStation 4
Dead Island 2 HEL-LA Edition,27.61,Duitstalige uitgave,PlayStation 4
Crash Bandicoot - N.Sane Trilogy (PlayStation PS4),27.61,Duitstalige uitgave,Videogame
Star Wars JEDI: Fallen Order (PS4),29.9,PEGI-rating: 16 jaar en ouder,PlayStation 4
Sniper Ghost Warrior Contracts 2,19.99,PEGI-rating: 18 jaar en ouder,PlayStation 4
Tony Hawk's Pro Skater 1 + 2 PS4,25.33,PEGI-rating: 12 jaar en ouder,PlayStation 4
Fairy Tail - Playstation 4 (PS4),39.99,PEGI-rating: 12 jaar en ouder,PlayStation 4
Until Dawn (Ps4),19.49,PEGI-rating: 7 jaar en ouder,PlayStation 4
JoJo's Bizarre Adventure: All-Star Battle R - PS4,38.03,PEGI-rating: 12 jaar en ouder,PlayStation 4
Assassin's Creed Origins PS4 Game,21.31,PEGI-rating: 18 jaar en ouder,PlayStation 4
Flipping Death (PS4),14.9,PEGI-rating: 12 jaar en ouder,PlayStation 4
Fifa 18 (Ps4),10.19,PEGI-rating: 3 jaar en ouder,PlayStation 4
Stick It To The Man (Ps4),19.99,PEGI-rating: 12 jaar en ouder,PlayStation 4
Hasbro Family Fun Pack PS4,17.46,PEGI-rating: 12 jaar en ouder,PlayStation 4
Sackboy: A Big Adventure - PS4,33.9,PEGI-rating: 7 jaar en ouder,PlayStation 4
Bloodborne - PlayStation Hits - [PlayStation 4],29.95,USK-beoordeling: Vanaf 16 jaar,PlayStation 4
Sekiro Shadows Die Twice (Ps4),69.9,PEGI-rating: 18 jaar en ouder,PlayStation 4
World of Warships Legends PS4 Game,24.07,PEGI-rating: 7 jaar en ouder,PlayStation 4
Watch Dogs Legion (Playstation 4). English version,14.51,PEGI-rating: 18 jaar en ouder,PlayStation 4
Monster Hunter World : Iceborne - Master Edition,33.65,PEGI-rating: 16 jaar en ouder,PlayStation 4
Re:Zero - Starting Life in Anandere World: The Prophecy of the Throne,32.99,PEGI-rating: 16 jaar en ouder,PlayStation 4
Battlefield 1: Revolution (PS4),19.45,PEGI-rating: 18 jaar en ouder,PlayStation 4
Risen (Playstation 4),26.99,PEGI-rating: 16 jaar en ouder,PlayStation 4
Seven Deadly Sins: Kinghts of Britannia,27.29,Mediaan: ,Videogame
NHL 21 PS4 Game,36.48,PEGI-rating: 12 jaar en ouder,PlayStation 4
Lego Marvel: Super Heroes (Ps4),15.65,PEGI-rating: 7 jaar en ouder,PlayStation 4
Final Fantasy Xv: Royal Edition (Ps4),21.91,PEGI-rating: 16 jaar en ouder,PlayStation 4
Kingdom Hearts Hd 2.8 Final Chapter Prologue,19.41,PEGI-rating: 12 jaar en ouder,PlayStation 4
Puyo Tetris (Ps4),12.69,PEGI-rating: 3 jaar en ouder,PlayStation 4
DEEP MAGIC D&D 5TH ED POCKET ED,24.45,,
Sayonara Wild Hearts,11.98,PEGI-rating: 12 jaar en ouder,PlayStation 4
Tomb Raider: Definitive Edition (Ps4),15.99,PEGI-rating: 18 jaar en ouder,PlayStation 4
Real Farm (Ps4),13,PEGI-rating: 3 jaar en ouder,PlayStation 4
Neptunia x SENRAN KAGURA: Ninja Wars - Day One Edition (PS4),55.45,PEGI-rating: 12 jaar en ouder,PlayStation 4
Pro Evolution Soccer 2017 PS4 Game,5.99,PEGI-rating: 3 jaar en ouder,PlayStation 4
Disney Classic Games: Aladdin and The Lion King (PS4),18,PEGI-rating: 3 jaar en ouder,PlayStation 4
DishonoRood 2 - Playstation Hits (Ps4),14.99,PEGI-rating: 18 jaar en ouder,PlayStation 4
Borderlands : The Handsome Collection (Ps4),18.02,PEGI-rating: 18 jaar en ouder,PlayStation 4
Unbekannt 196924.Dungeons & Draken - Dark Alliance - Day One Edition (BOX UK),23,,
WRC 7 (PS4),19.99,PEGI-rating: 3 jaar en ouder,PlayStation 4
Star Wars: Squadrons (PS4),19.99,PEGI-rating: 16 jaar en ouder,PlayStation 4
Fifa 17,9.99,PEGI-rating: 3 jaar en ouder,PlayStation 4
Whisper: De komst van Ari (PS4),29.99,PEGI-rating: 3 jaar en ouder,PlayStation 4
Exodemon,18,PEGI-rating: 7 jaar en ouder,PlayStation 5
Toki (PS4),14.9,PEGI-rating: 7 jaar en ouder,PlayStation 4
Indivisible(PS4),14.71,PEGI-rating: 7 jaar en ouder,PlayStation 4
Human Fall Flat Anniversary Edition PS4 Game,23.99,PEGI-rating: 3 jaar en ouder,PlayStation 4
DETROIT: Become Human - (PS4),27.99,PEGI-rating: 18 jaar en ouder,PlayStation 4
Surviving the Aftermath - Day One Edition,13.62,PEGI-rating: 7 jaar en ouder,PlayStation 4
Asterix & Obelix: XXL 2 (PS4),14.99,PEGI-rating: 7 jaar en ouder,PlayStation 4
Overcooked! + Overcooked! 2 (PS4),24.99,PEGI-rating: 3 jaar en ouder,PlayStation 4
Big Rumble Boxing: Creed Champions Day One Edition (PlayStation PS4),19.35,Duitstalige uitgave,Videogame
Dragon Quest Xi: Echoes Of An Elusive Age (Ps4),24.9,PEGI-rating: 12 jaar en ouder,PlayStation 4
The Last of Us Remastered - [PlayStation 4],69.95,PEGI-rating: 18 jaar en ouder,PlayStation 4
Bounty Battle,12,PEGI-rating: 12 jaar en ouder,PlayStation 4
Ty - The Tasmanian Tiger Hd,20.92,PEGI-rating: 3 jaar en ouder,PlayStation 4
Tales of Berseria,17.82,,
Street Power Football (PS4),12.85,PEGI-rating: 3 jaar en ouder,PlayStation 4
Epic Games.CHERRY G80-3000. Duitse layout. QWERTZ toetsenbord. bedraad toetsenbord. mechanisch toetsenbord. CHERRY MX BLUE SWitCHES. lichtGrijs,16.5,,
Infamous Second Son Hits - (PS4),19.99,PEGI-rating: 16 jaar en ouder,PlayStation 4
Port Royale 4 (PS4),18,PEGI-rating: 12 jaar en ouder,PlayStation 4
Golden Force,22,PEGI-rating: 7 jaar en ouder,PlayStation 4
Plants vs Zombies Garden Warfare 2 (PS4),21.15,PEGI-rating: 7 jaar en ouder,PlayStation 4
Titanfall : 2 (Ps4),17.23,PEGI-rating: 16 jaar en ouder,PlayStation 4
Just Dance 2018,21.66,PEGI-rating: 3 jaar en ouder,PlayStation 4
Immortals Fenyx Rising PS4 Game,14.69,PEGI-rating: 12 jaar en ouder,PlayStation 4
Edge Of Eternity,33,PEGI-rating: 16 jaar en ouder,PlayStation 4
DCL - Drone Championship League (PS4),10.73,Advies: ,Videogame
PS4 197869 Kleine nachtmerries Complete Edition,14.99,PEGI-rating: 16 jaar en ouder,PlayStation 4
Street Fighter V : Arcade Edition (Ps4),19.99,PEGI-rating: 18 jaar en ouder,PlayStation 4
Call of Duty: Modern Warfare Remastered,21.5,PEGI-rating: 18 jaar en ouder,PlayStation 4
Far Cry 4 (PS4),19.99,PEGI-rating: 18 jaar en ouder,PlayStation 4
Movie: The Videogame (Ps4),15.63,PEGI-rating: 7 jaar en ouder,PlayStation 4
Monster Jam: Steel Titans (PS4),18.56,PEGI-rating: 3 jaar en ouder,PlayStation 4
The Legend of Heroes Trails of Cold Steel PS4 Game,19.97,PEGI-rating: 12 jaar en ouder,PlayStation 4
Hotel Transylvania 3: Monsters Overboard (Ps4),15.43,PEGI-rating: 7 jaar en ouder,PlayStation 4
Farm Together Deluxe Edition (PlayStation PS4),19.25,PEGI-rating: 3 jaar en ouder,PlayStation 4
Mirror'S Edge Catalyst (Ps4),26.76,PEGI-rating: 16 jaar en ouder,PlayStation 4
Eldrador Creatures,14.99,PEGI-rating: 16 jaar en ouder,PlayStation 4
Shin Megami Tensei 3 Nocturne HD Remaster,28.98,PEGI-rating: 18 jaar en ouder,PlayStation 4
Rise Of The Tomb Raider: 20 Year Celebration (Ps4),16.45,PEGI-rating: 18 jaar en ouder,PlayStation 4
Lego Jurassic World,17.16,PEGI-rating: 7 jaar en ouder,PlayStation 4
Watch Dogs (PS4),19.99,PEGI-rating: 18 jaar en ouder,PlayStation 4
LEGO Star Wars: The Force Awakens - Deluxe-editie Eerste orde Algemeen PS4-spel,33.9,PEGI-rating: 7 jaar en ouder,PlayStation 4
Walking Dead 3: The Telltale Series - A New Frontier (PS4),15.86,PEGI-rating: 18 jaar en ouder,PlayStation 4
Fate Extella : The Umbral Star,29.9,PEGI-rating: 16 jaar en ouder,PlayStation 4
Starlink Battle For Atlas Starter Pack PS4 Game,11.19,PEGI-rating: 7 jaar en ouder,PlayStation 4
Power Rangers Battle For The Grid - Super Edition,49.99,PEGI-rating: 12 jaar en ouder,PlayStation 4
Spyro: Reignited Trilogy - PS4 (PS4),25.99,PEGI-rating: 7 jaar en ouder,PlayStation 4
Surf World Series (Ps4),18,PEGI-rating: 3 jaar en ouder,PlayStation 4
Resident Evil 3,26.98,PEGI-rating: 18 jaar en ouder,PlayStation 4
Metal Gear Solid V: The Definitive Edition [Duitsland],15.32,USK-beoordeling: Vanaf 18 jaar,PlayStation 4
Anima Gate Of Memories,17.6,PEGI-rating: 12 jaar en ouder,PlayStation 4
Monster Harvest,13.92,PEGI-rating: 7 jaar en ouder,PlayStation 4
Dying Light 2 (PS4),39.07,PEGI-rating: 18 jaar en ouder,PlayStation 4
Sniper Elite 5,50.27,PEGI-rating: 16 jaar en ouder,PlayStation 4
STAR WARS Episode I & Republic Commando Collection (PS4),17.99,PEGI-rating: 12 jaar en ouder,PlayStation 4
Ride 4 - Special Edition,41.75,PEGI-rating: 3 jaar en ouder,PlayStation 4
Hunting Simulator 2,23.67,PEGI-rating: 16 jaar en ouder,PlayStation 4
F1 2019 Jubiläums Edition (PS4),24.95,USK-beoordeling: Geen leeftijdsbeperking,PlayStation 4
Dragon Ball Z - Xenoverse (Ps4),12.95,PEGI-rating: 12 jaar en ouder,PlayStation 4
Monster Jam Steel Titans 2 PS4 (PS4) (PS4),18.45,PEGI-rating: 3 jaar en ouder,PlayStation 4
Bioshock: The Collection (Ps4),27.95,PEGI-rating: 18 jaar en ouder,PlayStation 4
Outriders Day One Edition PS4 Game,17.39,PEGI-rating: 18 jaar en ouder,PlayStation 4
Marvel Vs Capcom Infinite (Ps4),18.76,PEGI-rating: 18 jaar en ouder,PlayStation 4
Cyberpunk 2077 Day One Edition,31.21,PEGI-rating: 18 jaar en ouder,PlayStation 4
Fast and Furious: Spy Racers Rise of SH1FT3R (Playstation 4),34.34,PEGI-rating: 3 jaar en ouder,PlayStation 4
Kromaia Omega (PlayStation PS4),4.9,Engelstalige uitgave,Videogame
Life is Strange 2 (PS4),30,PEGI-rating: 18 jaar en ouder,PlayStation 4
Air Missions: Hind-Action Combat Flight Simulator (Ps4),25.99,PEGI-rating: 16 jaar en ouder,PlayStation 4
Grand Theft Auto V Premium Edition [Playstation 4]. Duitse Versie,31.87,USK-beoordeling: Vanaf 18 jaar,PlayStation 4
Raid World War Ii (Ps4),22.17,USK-beoordeling: Vanaf 18 jaar,PlayStation 4
Nioh 2 - (PS4),24.95,PEGI-rating: 18 jaar en ouder,PlayStation 4
Crash Team Racing + Spyro Reignited Trilogy Bundle (Ps4),59.99,PEGI-rating: 7 jaar en ouder,PlayStation 4
Littlebigplanet 3 - Playstation Hits,19.98,PEGI-rating: 7 jaar en ouder,PlayStation 4
Rage 2 (Ps4),8.72,PEGI-rating: 18 jaar en ouder,PlayStation 4
Slime Rancher (Ps4),19.99,PEGI-rating: 3 jaar en ouder,PlayStation 4
Hello Neighbor,24.99,PEGI-rating: 7 jaar en ouder,PlayStation 4
Dead Or Alive 6,37.53,,
FIFA 21 (PS4 inclusief kostenloze upgrade naar PS5) - NL versie,12.69,PEGI-rating: 3 jaar en ouder,PlayStation 4
Ride 4,25.9,PEGI-rating: 3 jaar en ouder,PlayStation 4
Dragon Quest Heroes 2 (Ps4),29.99,PEGI-rating: 12 jaar en ouder,PlayStation 4
Among Us : Edition Impostor,39.99,PEGI-rating: 7 jaar en ouder,PlayStation 4
Kingdom Come Deliverance: Specil Edition (Ps4),9.9,PEGI-rating: 18 jaar en ouder,PlayStation 4
8-Bit Armies (Ps4),15.17,PEGI-rating: 7 jaar en ouder,PlayStation 4
Winter Games 2023 PS5 USK: 0,29.99,,
The Inner World: Last Wind Monk (Ps4),11.74,PEGI-rating: 12 jaar en ouder,PlayStation 4
The King of Fighters XIV Ultimate Edition (PlayStation PS4),23.43,Japanstalige uitgave,Videogame
The Last of Us Remastered - PlayStation Hits - (PS4),19.98,PEGI-rating: 18 jaar en ouder,PlayStation 4
Gungrave Vr: Loaded Coffin Edition (Ps4),18,PEGI-rating: 16 jaar en ouder,PlayStation 4
Tropico 6 (PS4),21.99,PEGI-rating: 16 jaar en ouder,PlayStation 4
Kalypso Tropico 6 [Playstation 4],19.92,PEGI-rating: 16 jaar en ouder,PlayStation 4
Velocity 2X Critical Mass Edition (Ps4),13.26,PEGI-rating: 7 jaar en ouder,PlayStation 4
My Universe My Baby,24.05,PEGI-rating: 3 jaar en ouder,PlayStation 4
The Evil Within 2,19,PEGI-rating: 18 jaar en ouder,PlayStation 4
Arslan The Warriors of Legend,20.65,PEGI-rating: 18 jaar en ouder,PlayStation 4
XIII: Limited Edition (PS4),15.89,PEGI-rating: 18 jaar en ouder,PlayStation 4
Videogioco 505 Games Assetto Corsa Competizione,29.9,PEGI-rating: 3 jaar en ouder,PlayStation 4
Wolfenstein The New Order/ Old Blood (Ps4),30.05,PEGI-rating: 18 jaar en ouder,PlayStation 4
Warner Bros LEGO Jurassic World. PS4 video-game PlayStation 4,22.12,PEGI-rating: 7 jaar en ouder,PlayStation 4
Tearaway Unfolded,22,PEGI-rating: 7 jaar en ouder,PlayStation 4
Singstar : Ultimate Party,19.15,PEGI-rating: 12 jaar en ouder,PlayStation 4
Wanted: Dead - PS4,47.16,PEGI-rating: 18 jaar en ouder,PlayStation 4
Ubisoft 296440 Starlink Halter Co-Op 2. Controllerhalterung Voor Playstation 4 (Ps4),9.99,USK-beoordeling: Geen leeftijdsbeperking,PlayStation 4
Pathfinder: Wrath of the Righteous (PS4),,PEGI-rating: 18 jaar en ouder,PlayStation 4
Sword Art Online - Hollow Realization (Ps4),22.78,PEGI-rating: 18 jaar en ouder,PlayStation 4
The Evil Within (Ps4),16.99,PEGI-rating: 18 jaar en ouder,PlayStation 4
Sonic Forces Bonus Edition (PS4),24.31,USK-beoordeling: Vanaf 6 jaar,PlayStation 4
Lets Sing Queen + 2 microfoons PS4-game,57.6,PEGI-rating: 7 jaar en ouder,PlayStation 4
Red Dead Redemption 2,30.09,PEGI-rating: 18 jaar en ouder,PlayStation 4
Dmc Devil May Cry: Hd Collection (Ps4),24.1,PEGI-rating: 18 jaar en ouder,PlayStation 4
Yakuza: Like A Dragon (PS5),20.39,PEGI-rating: 18 jaar en ouder,PlayStation 4
Two Point Hospital: Jumbo Edition,23.07,PEGI-rating: 3 jaar en ouder,PlayStation 4
Battlefield 5 (V) - PS4 (PS4),25.43,PEGI-rating: 18 jaar en ouder,PlayStation 4
Horizon - Forbidden West Collector Edition ( PlayStation 4 &amp; 5). CD,,PEGI-rating: 16 jaar en ouder,PlayStation 5
Deus Ex: Mankind Divided Day One Edition (PS4),8.99,PEGI-rating: 16 jaar en ouder,PlayStation 4
Pes 2018: Pro Evolution Soccer 2018-Premium Edition Continu Exclusif Inclus (Ps4),17.11,PEGI-rating: 3 jaar en ouder,PlayStation 4
Wrc 5 (Ps4),14.9,PEGI-rating: 3 jaar en ouder,PlayStation 4
The Elder Scrolls V: Skyrim VR (PS4),,PEGI-rating: 18 jaar en ouder,PlayStation 4
Arcade Paradise PS4,22.7,PEGI-rating: 12 jaar en ouder,PlayStation 4
Star Trek: Bridge Crew (Ps4),9.9,PEGI-rating: 7 jaar en ouder,PlayStation VR
Dariusburst Another Chronicle Ex +,28,PEGI-rating: 7 jaar en ouder,PlayStation 4
The Last of Us - PlayStation Hits - [PlayStation 4],,USK-beoordeling: Vanaf 18 jaar,PlayStation 4
Tiny Tina's Wonderlands,14.99,PEGI-rating: 16 jaar en ouder,PlayStation 4
My Hero One's Justice (PS4),24.22,PEGI-rating: 12 jaar en ouder,PlayStation 4
Nioh 2,15.71,Mediaan: ,
Sleeping Dogs - Definitive Edition,14.9,PEGI-rating: 18 jaar en ouder,PlayStation 4
REUS (PS4),13.99,PEGI-rating: 7 jaar en ouder,PlayStation 4
Horse Club Adventures,29.99,PEGI-rating: 3 jaar en ouder,PlayStation 4
Bloodborne - Game Of The Year Edition (Ps4),,PEGI-rating: 12 jaar en ouder,PlayStation 4
The Legend Of Heroes : Trails Of Cold Steel III - Edition Early Enrollment,40.21,PEGI-rating: 12 jaar en ouder,PlayStation 4
DNF Duel (PS4),45.2,PEGI-rating: 12 jaar en ouder,PlayStation 4
Puyo Puyo Tetris - Playstation 4 (PS4),19.59,PEGI-rating: 3 jaar en ouder,PlayStation 4
Pharaonic: Deluxe Edition (Ps4),12.52,PEGI-rating: 16 jaar en ouder,PlayStation 4
Legendary Fishing (PS4),17.24,PEGI-rating: 7 jaar en ouder,PlayStation 4
Sniper Elite 4: Italia (Ps4),22,PEGI-rating: 16 jaar en ouder,PlayStation 4
DIRT 5 - Day One Edition (PlayStation PS4),54.24,Spaanstalige uitgave,Videogame
Disaster Report 4: Summer Memories (PlayStation PS4),,PEGI-rating: 18 jaar en ouder,PlayStation 4
Everspace - Stellar Edition (PS4),37.85,PEGI-rating: 7 jaar en ouder,PlayStation 4
Re:zero - Starting Life In Another World - The Prophecy Of The Throne - Collector's Edition,36.68,PEGI-rating: 16 jaar en ouder,PlayStation 4
Ratchet & Clank (PlayStation Hits) - (PS4),19.98,PEGI-rating: 7 jaar en ouder,PlayStation 4
Two Point Campus - Enrolment Edition,14.73,PEGI-rating: 3 jaar en ouder,PlayStation 4
PixARK,29.95,PEGI-rating: 12 jaar en ouder,PlayStation 4
Grand Theft Auto: The Trilogy - Definitive Edition - PS4,30.85,PEGI-rating: 18 jaar en ouder,PlayStation 4
Frostpunk - Console Edition,37.05,PEGI-rating: 16 jaar en ouder,PlayStation 4
In Nightmare,19.37,PEGI-rating: 16 jaar en ouder,PlayStation 4
Bunny Park - PS4,19.99,PEGI-rating: 3 jaar en ouder,PlayStation 4
Overcooked! 2 (PS4),17.95,PEGI-rating: 3 jaar en ouder,PlayStation 4
Chicken Police: Paint It Red!,16.44,PEGI-rating: 16 jaar en ouder,PlayStation 4
Akiba's Trip: Hellbound & Debriefed,25.7,PEGI-rating: 16 jaar en ouder,PlayStation 4
Fallout 4 (Ps4),14.94,PEGI-rating: 18 jaar en ouder,PlayStation 4
Mortal Kombat 11 - [PlayStation 4],19.99,USK-beoordeling: Vanaf 18 jaar,PlayStation 4
Space Invaders Forever (PlayStation PS4),19.75,USK-beoordeling: Geen leeftijdsbeperking,PlayStation 4
Ys Origin,29.99,PEGI-rating: 12 jaar en ouder,PlayStation 4
Human : Fall Flat - Anniversary Edition,27.16,PEGI-rating: 3 jaar en ouder,PlayStation 4
The Crew : Ultimate Edition (Ps4),24.72,PEGI-rating: 12 jaar en ouder,PlayStation 4
Pathfinder : Kingmaker - Definitive Edition,21.09,PEGI-rating: 16 jaar en ouder,PlayStation 4
God Of War (PS4),19.99,PEGI-rating: 18 jaar en ouder,PlayStation 4
Catherine: Full Body (PS4),27.33,PEGI-rating: 18 jaar en ouder,PlayStation 4
WRC 8 (PS4),,PEGI-rating: 3 jaar en ouder,PlayStation 4
Monstrum,17.33,PEGI-rating: 16 jaar en ouder,PlayStation 4
Wonder Boy Collection,29.91,PEGI-rating: 7 jaar en ouder,PlayStation 4
Teenage Mutant Ninja Turtles: The Cowabunga Collection - PS4,29.99,PEGI-rating: 12 jaar en ouder,PlayStation 4
Jump Force (PS4),,PEGI-rating: 12 jaar en ouder,PlayStation 4
Team Sonic Racing 30th Anniversary Edition,28.97,PEGI-rating: 3 jaar en ouder,PlayStation 4
Sonic Mania Plus - Playstation 4 (PS4),17.95,PEGI-rating: 3 jaar en ouder,PlayStation 4
Astragon PS4 SNOWRUNNER: STANDARD EDITION PS4 USK: 0,39.54,PEGI-rating: 3 jaar en ouder,PlayStation 4
STAR WARS Jedi Knight Collection (PS4),19.99,PEGI-rating: 16 jaar en ouder,PlayStation 4
Pac Man: Championship Edition 2 (Ps4),25.33,PEGI-rating: 3 jaar en ouder,PlayStation 4
Injustice: goden onder ons,37.98,USK-beoordeling: Vanaf 16 jaar,PlayStation 4
Rayman Legends - Playstation Hits,23.17,PEGI-rating: 7 jaar en ouder,PlayStation 4
Devil May Cry 5 [,20.7,PEGI-rating: 18 jaar en ouder,PlayStation 4
Bioshock Complete Collection (Ps4),22.9,PEGI-rating: 18 jaar en ouder,PlayStation 4
This Is The Police (Ps4),10.47,PEGI-rating: 16 jaar en ouder,PlayStation 4
Hitman 3 - PS4,47.52,PEGI-rating: 18 jaar en ouder,PlayStation 4
Past Cure (Ps4),12,Advies: ,PlayStation 4
Deus Ex : Mankind Divided - Edition Day One,12.9,Meer mogelijkheden,
Risk Of Rain 2,16.82,PEGI-rating: 12 jaar en ouder,PlayStation 4
Ender Lilies Quietus Of The Knights (Engelse. Duitse. Franse taal) (Fysieke Editie),64.99,USK-beoordeling: Vanaf 16 jaar,PlayStation 4
Mafia Trilogy (PS4),30.9,USK-beoordeling: Vanaf 18 jaar,PlayStation 4
Grip: Combat Racing (Ps4),42.61,PEGI-rating: 7 jaar en ouder,PlayStation 4
Batman: Return to Arkham (PS4),18.11,PEGI-rating: 16 jaar en ouder,PlayStation 4
Team Sonic Racing,39.41,PEGI-rating: 3 jaar en ouder,PlayStation 4
Onrush - Edition Day One,11.9,PEGI-rating: 12 jaar en ouder,PlayStation 4
Farming Simulator 22 for PlayStation 4,59.99,,PlayStation 4
Dynasty Warriors 9,26.78,PEGI-rating: 16 jaar en ouder,PlayStation 4
Pixark (Ps4),19.4,PEGI-rating: 12 jaar en ouder,PlayStation 4
Horizon: Zero Dawn - Complete Edition - [PlayStation 4],49.95,USK-beoordeling: Vanaf 12 jaar,PlayStation 4
Dragon Ball Xenoverse/Dragon Xenoverse 2 (Ps4),25.99,PEGI-rating: 12 jaar en ouder,PlayStation 4
Sudden Strike 4 Complete Collection (PS4),,PEGI-rating: 16 jaar en ouder,PlayStation 4
Darksiders 3 (PS4),15.98,PEGI-rating: 16 jaar en ouder,PlayStation 4
Just Cause 3: Gold Edition (Ps4),19.79,PEGI-rating: 18 jaar en ouder,PlayStation 4
Need For Speed: Hot Pursuit Remastered (PS4),,PEGI-rating: 7 jaar en ouder,PlayStation 4
Mortal Shell (PS4),27.95,PEGI-rating: 16 jaar en ouder,PlayStation 4
Call of Duty: Modern Warfare - [PlayStation 4],,PEGI-rating: 18 jaar en ouder,PlayStation 4
Resident Evil 6 Hd,19.99,PEGI-rating: 18 jaar en ouder,PlayStation 4
Destiny_2,18.77,USK-beoordeling: Vanaf 16 jaar,PlayStation 4
Watch Dogs 2 (PS4),13.95,PEGI-rating: 18 jaar en ouder,
Just Cause 4 (Ps4),16,PEGI-rating: 18 jaar en ouder,PlayStation 4
Tanuki Justice,24.99,PEGI-rating: 7 jaar en ouder,PlayStation 4
Astro Bot Rescue Mission [PlayStation 4],45.29,USK-beoordeling: Vanaf 6 jaar,PlayStation 4
Two Point Hospital (PS4),19.99,PEGI-rating: 3 jaar en ouder,PlayStation 4
Marvel's Spider-Man: Miles Morales [PlayStation 5],42.9,USK-beoordeling: Vanaf 12 jaar,PlayStation 4
LEGO Marvel Collection (Playstation PS4),33.87,PEGI-rating: 7 jaar en ouder,PlayStation 4
Yooka-laylee,27.99,PEGI-rating: 7 jaar en ouder,PlayStation 4
Jurassic World Evolution 2 (PS5),,PEGI-rating: 16 jaar en ouder,PS5
Infamous: Second Son (Ps4),,PEGI-rating: 16 jaar en ouder,PlayStation 4
Warner Lego Marvel-collectie - PS4,29.95,Meer mogelijkheden,
Shadow Of The Tomb Raider (Ps4),15.63,PEGI-rating: 18 jaar en ouder,PlayStation 4
Final Fantasy VIII Remastered - PS4,19.99,PEGI-rating: 16 jaar en ouder,PlayStation 4
Call of Duty Black Ops 4,15.15,PEGI-rating: 18 jaar en ouder,PlayStation 4
Shantae Half Genie Hero Ultimate Edition PS4 Game,14.9,PEGI-rating: 12 jaar en ouder,PlayStation 4
Batman: Arkham Knight (Ps4),14.99,PEGI-rating: 18 jaar en ouder,PlayStation 4
DEATH STRANDING (PS4),28.99,PEGI-rating: 18 jaar en ouder,PlayStation 4
Sony Immortals Fenyx Rising gold Edition incl. kostenlosem Upgrade at PS5 - PS4,46.68,USK-beoordeling: Vanaf 12 jaar,PlayStation 4
Genesis Alpha One (PS4),,PEGI-rating: 16 jaar en ouder,PlayStation 4
Fallout 4: Game Of The Year Edition (Ps4),31.41,PEGI-rating: 18 jaar en ouder,PlayStation 4
Uncharted: Drakes Fortune Remastered (Ps4),24.99,PEGI-rating: 16 jaar en ouder,PlayStation 4
DiRT 4 - Day One Edition,,PEGI-rating: 3 jaar en ouder,PlayStation 4
Space Hulk: Deathwing Enhanced Edition (Ps4),15.92,,Videogame
FIFA 20,8.69,PEGI-rating: 3 jaar en ouder,PlayStation 4
Daymare: 1998,30.6,PEGI-rating: 18 jaar en ouder,PlayStation 4
Playstation Playing Cards PS5 / karty do gry Playstation 5,9.49,Meer mogelijkheden,
GI Joe Operation Blackout,19.13,PEGI-rating: 12 jaar en ouder,PlayStation 4
Ever Forward,17.52,PEGI-rating: 7 jaar en ouder,PlayStation 4
Tom Clancy's : The Division,11.99,PEGI-rating: 18 jaar en ouder,PlayStation 4
Lego Marvel Super Heroes 2,15.63,PEGI-rating: 7 jaar en ouder,PlayStation 4
Commandos 2 & 3 - HD Remaster Double Pack (PS4),41.55,,PlayStation 4
Five Nights At Freddy’s : Core Collection,34.52,PEGI-rating: 12 jaar en ouder,PlayStation 4
Elden Ring PS4 (PS4/),,PEGI-rating: 16 jaar en ouder,PlayStation 5
Electronic Arts MADDEN NFL 22 PS4 USK: 0,62.76,USK-beoordeling: Geen leeftijdsbeperking,PlayStation 4
Disciples: Liberation - Deluxe Edition,31.51,PEGI-rating: 12 jaar en ouder,PlayStation 4
Cobra Kai : The Karate Kid Saga Continues,,PEGI-rating: 12 jaar en ouder,PlayStation 4
The Survivalists (PS4),13.26,PEGI-rating: 7 jaar en ouder,PlayStation 4
Controller Wireless voor PS-4 met paddles. snel aansluiten. lange batterijduur met dubbele vibratie. bewegingssensor. touchpad. 3.5 mm hoofdtelefoonaansluiting. draadloze controller. blauw voor PS-4/Pro/Slim,,,PlayStation2
Hellpoint PS4 Game,,PEGI-rating: 18 jaar en ouder,PlayStation 4
SEGA Yakuza 7: Like a Dragon - Limited Edition PlayStation 4 Basic German. English,37.78,PEGI-rating: 18 jaar en ouder,PlayStation 4
Stubbs the Zombie - Rebel Without a Pulse (PS4),14.99,PEGI-rating: 18 jaar en ouder,PlayStation 4
Insurgency: Sandstorm,19.95,PEGI-rating: 18 jaar en ouder,PlayStation 4
DC League of Super-Pets: The Adventures of Krypto and Ace - PS4,19.95,PEGI-rating: 7 jaar en ouder,PlayStation 4
Lost Sphear (Ps4),16.27,PEGI-rating: 12 jaar en ouder,PlayStation 4
Nickelodeon All-star Brawl,19.95,PEGI-rating: 7 jaar en ouder,PlayStation 4
Apex Legends - Lifeline Edition - PS4 (PS4),19.99,PEGI-rating: 16 jaar en ouder,PlayStation 4
Valthirian Arc: Hero School Story (Ps4),18.26,PEGI-rating: 7 jaar en ouder,PlayStation 4
Yakuza 6 : The Song Of Life - Essence Of Art Edition,38.88,PEGI-rating: 18 jaar en ouder,PlayStation 4
Riders Republic - Limited Edition (PS4),29.88,PEGI-rating: 12 jaar en ouder,PlayStation 4
Bloodborne Hits - (PS4),19.98,PEGI-rating: 18 jaar en ouder,PlayStation 4
Override : Mech City Brawl - Super Charged Mega Edition,,PEGI-rating: 7 jaar en ouder,PlayStation 4
Nba 2k21 - Mamba Forever - Legend Edition,44,PEGI-rating: 3 jaar en ouder,PlayStation 4
Killzone: Shadow Fall Hits (Ps4),17.99,PEGI-rating: 18 jaar en ouder,PlayStation 4
Detroit : Become Human (Ps4),36.99,PEGI-rating: 18 jaar en ouder,PlayStation 4
Tokyo Ghoul: re Call to Exist (PS4),28,PEGI-rating: 18 jaar en ouder,PlayStation 4
Dreams - [PlayStation 4],59.2,USK-beoordeling: Vanaf 12 jaar,PlayStation 4
Tony Hawk's Pro Skater 1+2 (PS4),28.71,USK-beoordeling: Vanaf 6 jaar,PlayStation 4
Call of Duty: Black Ops Cold War (PS4) DE-Version,27.98,USK-beoordeling: Vanaf 18 jaar,PlayStation 4
Baldur's Gate Enhanced Edition (PlayStation PS4),,Duitstalige uitgave,Videogame
Littlebigplanet 3 Hits (Ps4),18.61,PEGI-rating: 7 jaar en ouder,PlayStation 4
Nerf: Legends,23.98,PEGI-rating: 7 jaar en ouder,PlayStation 4
Lego DC Super-Villains (Playstation 4) (PS4),17.45,PEGI-rating: 7 jaar en ouder,PlayStation 4
Sony Little Big Planet 3 - Playstation Hits - [Playstation 4],19.99,USK-beoordeling: Vanaf 6 jaar,PlayStation 4
Battlefield 2042 (PS4) DE-Version,49.95,USK-beoordeling: Vanaf 16 jaar,PlayStation 4
Overwatch (Legendary Edition) (PS4),46.86,PEGI-rating: 12 jaar en ouder,PlayStation 4
Endling Extinction is Forever PS4,16.99,PEGI-rating: 16 jaar en ouder,PlayStation 4
Monster Jam: Steel Titans - Collector Edition - Playstation 4 (PS4),29.78,PEGI-rating: 3 jaar en ouder,PlayStation 4
Battlefield 2042 PS4 Game,26.3,PEGI-rating: 16 jaar en ouder,PlayStation 4
Outcast Second Contact,9.9,PEGI-rating: 12 jaar en ouder,PlayStation 4
Neptunia: Sisters VS Sisters - Calendar Edition (PS4),43.18,PEGI-rating: 12 jaar en ouder,PlayStation 4
Assetto Corsa Competizione (PlayStation PS4),47.13,PEGI-rating: 3 jaar en ouder,PlayStation 4
Baldur's Gate: Enhanced Edition (PS4),30.15,PEGI-rating: 16 jaar en ouder,PlayStation 4
Wasteland 3 Day One Edition PS4 Game,14.9,PEGI-rating: 18 jaar en ouder,PlayStation 4
MX vs ATV Legends PS4,15.49,PEGI-rating: 3 jaar en ouder,PlayStation 4
Police Chase,,PEGI-rating: 7 jaar en ouder,PlayStation 4
Cyberpunk 2077 - Collector's Edition,206.41,PEGI-rating: 18 jaar en ouder,PlayStation 4
2K GAMES 108124 Mafia Trilogy PS4,,PEGI-rating: 18 jaar en ouder,PlayStation 4
Marvel's Avengers : Amélioration Deluxe,26.9,PEGI-rating: 16 jaar en ouder,PlayStation 4
Resident Evil Origins Coll. PS4 (PS4),19.99,PEGI-rating: 18 jaar en ouder,PlayStation 4
Warhammer Vermintide 2 :Deluxe Edition (Ps4),18,PEGI-rating: 18 jaar en ouder,PlayStation 4
Kingdom Hearts Hd 2.8 Final Chapter Prologue (Ps4),15.99,PEGI-rating: 12 jaar en ouder,PlayStation 4
Marvel'S Spider-Man (Ps4),34.99,PEGI-rating: 16 jaar en ouder,PlayStation 4
Crash Bandicoot 4: It’s About Time!,56.97,PEGI-rating: 7 jaar en ouder,PlayStation 4
Resident Evil 5 Hd (Ps4),19.99,PEGI-rating: 18 jaar en ouder,PlayStation 4
Redout (PS4),14.58,PEGI-rating: 3 jaar en ouder,PlayStation 4
Resident Evil 4 Hd (Ps4),19.99,PEGI-rating: 18 jaar en ouder,PlayStation 4
Vr Blood & Truth (Ps4),,PEGI-rating: 16 jaar en ouder,PlayStation 4
Sonic Colours Ultimate - Day One Edition incl. Baby Sonic Keyring (PS4),26.36,PEGI-rating: 7 jaar en ouder,PlayStation 4
Tony Hawk's Pro Skater 1+2,27.44,PEGI-rating: 12 jaar en ouder,PlayStation 4
Shadows Awakening PS4 Game,15.62,PEGI-rating: 16 jaar en ouder,PlayStation 4
Tennis World Tour,23.08,PEGI-rating: 7 jaar en ouder,PlayStation 4
The Inpatient,,PEGI-rating: 18 jaar en ouder,PlayStation 4
Assassin'S Creed: Chronicles Nord (Ps4),23,PEGI-rating: 16 jaar en ouder,PlayStation 4
Days Gone,27.99,PEGI-rating: 18 jaar en ouder,PlayStation 4
Paw Patrol: Grand Prix - PS4,,PEGI-rating: 3 jaar en ouder,PlayStation 4
Ghost Recon Breakpoint - Standard Edition (PS4),11.71,PEGI-rating: 18 jaar en ouder,PlayStation 4
