title,price,pegi_rating,platform
Halo Infinite - Xbox Series X + S & Xbox One,34.5,PEGI-rating: 16 jaar en ouder,Xbox One
Dead Space Remake,59.98,PEGI-rating: 18 jaar en ouder,XBOX SERIES X
Forza Horizon 5 (Xbox Series X/Xbox One),64.99,PEGI-rating: 3 jaar en ouder,Xbox Series X
Hogwarts Legacy - Deluxe Edition (Xbox Series X),74.95,Advies: ,Xbox Series X
Grand Theft Auto (GTA): The Trilogy - The Definitive Edition - Xbox Series X + S & Xbox One,29.98,PEGI-rating: 18 jaar en ouder,Xbox One
"Just Dance 2022 (Inclusief ""Waterval"" van K3) - Xbox",17.95,PEGI-rating: 3 jaar en ouder,Xbox
Grand Theft Auto 5 - Day One Edition (GTA V) - Xbox Series X,25.93,PEGI-rating: 18 jaar en ouder,Xbox
Marvels Guardians of the Galaxy XBO,17.5,PEGI-rating: 16 jaar en ouder,Xbox Series X
Atari 50: The Anniversary Celebration - Xbox,29.99,PEGI-rating: 16 jaar en ouder,Xbox Series X
NBA 2K21 - Xbox Series X,3,PEGI-rating: 3 jaar en ouder,No Operating System
FIFA 22 NL Versie - Xbox Series X (Xbox Series X),5.99,PEGI-rating: 3 jaar en ouder,Xbox Series X
Marvel's Midnight Suns - Enhanced Editie - Xbox Series X,29.99,Advies: ,Xbox Series X
WWE 2K23 - Xbox Series X,57.95,PEGI-rating: 16 jaar en ouder,Xbox Series X
The Callisto Protocol - Day One Edition - Xbox Series X,29.99,PEGI-rating: 18 jaar en ouder,Xbox Series X
FIFA 23 XSX,48.99,Advies: ,Xbox Series X
Gotham Knights - Xbox Series X + S,31.99,PEGI-rating: 16 jaar en ouder,Xbox Series S
Farming Simulator 22 - Platinum Edition - Xbox Series X/Xbox One,39.29,PEGI-rating: 3 jaar en ouder,Xbox Series X
Back 4 Blood - Special Edition - Xbox Series X + S & Xbox One,18.39,PEGI-rating: 18 jaar en ouder,Xbox One
NBA 2K23 - Xbox Series X,29.99,PEGI-rating: 3 jaar en ouder,Xbox Series X
Maneater (Xbox Series X),9.98,PEGI-rating: 18 jaar en ouder,Xbox Series X
Resident Evil VIllage,39.9,,
FIFA 21 - Xbox Series X,44.64,PEGI-rating: 3 jaar en ouder,Xbox Series X
Elden Ring Launch Xone & XSX (Xbox Series X/),61.99,PEGI-rating: 16 jaar en ouder,Xbox One
Two Point Campus Enrolment Edition XSX,17.98,PEGI-rating: 3 jaar en ouder,Xbox One
Dead Island 2 - Day One Edition (Xbox Series X|S & Xbox One),54.95,PEGI-rating: 18 jaar en ouder,Xbox One
Scarlet Nexus - Xbox Series X/Xbox One,14.95,PEGI-rating: 16 jaar en ouder,Xbox One
Rainbow Six Siege - Deluxe Edtion (Xbox Series X),8,PEGI-rating: 18 jaar en ouder,Xbox Series X
ONE PIECE ODYSSEY,51.41,Advies: ,Xbox Series X
Elex 2 XSX,9.99,PEGI-rating: 18 jaar en ouder,Xbox Series X
The Witcher 3: Wild Hunt – Complete Edition,35.14,PEGI-rating: 18 jaar en ouder,Xbox Series X
Battlefield 2042 Xbox Series X Game,14.9,PEGI-rating: 16 jaar en ouder,Xbox Series X
Aliens: Fireteam Elite,22.94,PEGI-rating: 16 jaar en ouder,Xbox One
Way of the Hunter XSX,19.99,PEGI-rating: 16 jaar en ouder,Xbox One
Temtem - XBX,39.45,Meer mogelijkheden,Xbox Series X
Mortal Kombat 11 Ultimate Xbox One | Series X Game,29.99,PEGI-rating: 18 jaar en ouder,Xbox Series X
Train Sim World 2: Rush Hour Deluxe Edition,29,PEGI-rating: 3 jaar en ouder,Xbox One
Super Monkey Ball Banana Mania - Launch Edition,19.99,PEGI-rating: 12 jaar en ouder,Xbox Series X
Planet Coaster: Console Edition,20.39,PEGI-rating: 7 jaar en ouder,Xbox One
Bratz: Flaunt your Fashion - Xbox,39.99,PEGI-rating: 3 jaar en ouder,Xbox Series X
Assassin's Creed: Mirage - Xbox Series X,41.95,PEGI-rating: 18 jaar en ouder,Xbox Series X
Hunting Simulator 2 NL Versie - Xbox Series X,49.99,PEGI-rating: 16 jaar en ouder,Xbox Series X
Anno 1800 - Xbox Series X,36.23,Advies: ,Xbox Series X
Rabbids: Party of Legends - Xbox One/Xbox Series X,13.95,PEGI-rating: 7 jaar en ouder,Xbox One
Destroy All Humans 2 Reprobed XSX,18.99,PEGI-rating: 16 jaar en ouder,Xbox Series S
Wanted: Dead - Xbox (Int. SKU),46.03,PEGI-rating: 18 jaar en ouder,Xbox One
Disney Classic Games Collection: The Jungle Book. Aladdin & The Lion King,28,PEGI-rating: 7 jaar en ouder,Xbox One
Wanted: Dead Collectors Ed.- Xbox,66.01,PEGI-rating: 16 jaar en ouder,Xbox
F1 22 - Xbox Series X,19.97,PEGI-rating: 3 jaar en ouder,Xbox Series X
Demon Turf - Xbox Series X,24.99,PEGI-rating: 7 jaar en ouder,Xbox One
Crusader Kings III - Day One Edition (Xbox Series X),15.39,PEGI-rating: 12 jaar en ouder,Xbox Series X
Five Nights At Freddy’s : Core Collection,44.93,PEGI-rating: 12 jaar en ouder,Xbox One
Farming Simulator 22,38,PEGI-rating: 3 jaar en ouder,Xbox Series X
PAW Patrol The Movie: Adventure City Calls - Xbox Series X/Xbox One,19.95,PEGI-rating: 3 jaar en ouder,Xbox One
Tour de France 2022 - Xbox Series X + S,22.99,PEGI-rating: 3 jaar en ouder,Xbox Series S
PGA Tour 2K23 - Xbox Series X/Xbox One,26.72,PEGI-rating: 3 jaar en ouder,Xbox One
Ghostrunner,24.99,PEGI-rating: 18 jaar en ouder,Xbox Series X
Evil Genius 2 - World Domination,18.52,PEGI-rating: 12 jaar en ouder,Xbox Series X
Oddworld: Soulstorm - Enhanced Edition - Day One,31.32,PEGI-rating: 12 jaar en ouder,Xbox One
Ghostbusters: Spirits Unleashed - Xbox,22,PEGI-rating: 3 jaar en ouder,Xbox Series X
FARMING SIMULATOR 2019 PREMIUM /11 - XBOX ONE,28.79,PEGI-rating: 3 jaar en ouder,Xbox One
Paw Patrol: Grand Prix - Xbox Series X & Xbox One,22.03,PEGI-rating: 3 jaar en ouder,Xbox One
The Falconeer Day One Edition Xbox Series X Game,12.2,PEGI-rating: 7 jaar en ouder,Xbox Series X
Astragon Bus Simulator 21 Basic German. English Xbox Series X,58.59,PEGI-rating: 3 jaar en ouder,Xbox One
Just Dance 2023 - Code in a Box - Xbox Series X,31.99,PEGI-rating: 3 jaar en ouder,Xbox One / Xbox Series X
The Chant - Limited Edition,28.98,PEGI-rating: 16 jaar en ouder,Xbox Series X
Crysis Trilogy Remastered,54.1,PEGI-rating: 16 jaar en ouder,Xbox One
Microsoft Just Dance 2022 - Xbox One/Xbox Series X,29.9,Mediaan: ,Xbox One | Xbox Series X
Goat Simulator 3 - Pre Udder Edition,21.49,PEGI-rating: 12 jaar en ouder,Xbox Series X
New Tales from the Borderlands - Deluxe Edition - Xbox Series X/Xbox One,29.69,PEGI-rating: 18 jaar en ouder,Xbox One
Gioteck - Thumb grip voor Xbox series X S Joystick. Thumb Stick in Silicone. Antislip. Bescherming voor controller. voor Xbox series X S Groen Camo,8.99,Mediaan: ,Xbox One
Saint Kotar - Xbox One en Series X|S,38.7,PEGI-rating: 18 jaar en ouder,Xbox Series X
The King of Fighters XV - Day One Edition,29.55,PEGI-rating: 12 jaar en ouder,Xbox Series X
ALFRED HITCHCOCK - VERTIGO Xbox,44.13,PEGI-rating: 16 jaar en ouder,Xbox Series X
Maximum Games Redout 2 Deluxe Edition Xbox One/Xbox Series X,45.13,PEGI-rating: 3 jaar en ouder,Xbox Series X
Halo Infinite,39,,
Puyo Puyo Tetris 2,9.76,PEGI-rating: 3 jaar en ouder,Xbox Series X
Minecraft Dungeons Hero Edition,,,
Monster Truck Championship NL Versie - Xbox Series X,28.79,PEGI-rating: 3 jaar en ouder,Xbox Series X
THE DARK PICTURES VOLUME 2 (HOUSE OF HASHES + THE DEVIL IN ME) Xbox Series x,35.99,PEGI-rating: 18 jaar en ouder,Xbox Series X
Tom Clancy’s Rainbow Six Siege Deluxe Edition Xbox One|Series X Game,18.46,PEGI-rating: 18 jaar en ouder,Xbox Series X
WWE 2K22,27.17,PEGI-rating: 16 jaar en ouder,Xbox Series X
Fortnite - Anime Legends - Xbox,19.99,PEGI-rating: 12 jaar en ouder,Xbox Series X
Lego Brawls - Xbox Series X & Xbox One,30.74,PEGI-rating: 7 jaar en ouder,Xbox One
JoJo's Bizarre Adventure: All-Star Battle R - Xbox Series X & Xbox One,35.99,PEGI-rating: 12 jaar en ouder,Xbox One
Biomutant XSX,32.31,PEGI-rating: 12 jaar en ouder,Xbox Series S
THYMESIA,14.99,PEGI-rating: 16 jaar en ouder,Xbox Series X
Watch Dogs Legion - Gold Edition - Inclusief Season Pass (Xbox Series X),28,PEGI-rating: 18 jaar en ouder,Xbox One / Xbox Series X
Rainbow Six Extraction - Limited Edition - Exclusief bij Amazon verkrijgbaar (Xbox Series X),24.99,PEGI-rating: 18 jaar en ouder,XBOX X
Rainbow Six Extraction - Limited Edition - Exclusief bij Amazon verkrijgbaar,30.74,PEGI-rating: 18 jaar en ouder,Xbox One
Greedfall - Gold Edition,17.99,,
Gotham Knights - Deluxe Editie - Xbox Series X + S,48.59,PEGI-rating: 16 jaar en ouder,Xbox Series S
Disciples: Liberation - Deluxe Edition,33.12,PEGI-rating: 16 jaar en ouder,Xbox Series X
Soul Hackers 2 (incl. 5 Premium Character Cards),29.99,PEGI-rating: 16 jaar en ouder,Xbox Series X
Marvel's Guardians of the Galaxy - Cosmic Deluxe Edition - Xbox Series X/Xbox One,64.99,PEGI-rating: 16 jaar en ouder,Xbox Series X
Demon Slayer -Kimetsu no Yaiba- The Hinokami Chronicle (XBox Series X - XSRX),61.16,Japanstalige uitgave,Videogame
SYBERIA - THE WORLD BEFORE - COLLECTOR's EDITION XSX,176.65,PEGI-rating: 16 jaar en ouder,Xbox Series X
Ride 4,26.72,PEGI-rating: 3 jaar en ouder,Xbox Series X
Devil May Cry 5 Special Edition,34.9,PEGI-rating: 18 jaar en ouder,Xbox One
Back 4 Blood - Xbox Series X + S & Xbox One,14.25,PEGI-rating: 18 jaar en ouder,Xbox One
Gears Tactics,10.9,,
Planet Coaster - Console Edition (Xbox One),28.83,PEGI-rating: 3 jaar en ouder,Xbox Series X
Fortnite: The Minty Legends Pack (Xbox Series X),26.7,PEGI-rating: 12 jaar en ouder,Xbox Series X
Disco Elysium - The Final Cut,39.99,PEGI-rating: 18 jaar en ouder,Xbox One
SAINTS ROW - Notorious Edition,59.7,PEGI-rating: 18 jaar en ouder,Xbox One
Iron Harvest Complete Edition,23.99,PEGI-rating: 16 jaar en ouder,Xbox One
Devil May Cry 5 Special Edition Xbox Series X Game,23.91,PEGI-rating: 18 jaar en ouder,Xbox Series X
Samurai Shodown - Special Edition (/Xbox One),28.99,PEGI-rating: 16 jaar en ouder,Xbox Series X
DRAGON BALL Z: KAKAROT,27.32,Advies: ,Xbox Series X
Charon's Staircase - Xbox One en Series X|S,34.99,PEGI-rating: 18 jaar en ouder,Xbox Series X
Airoheart - Xbox One en Series X|S,39.99,PEGI-rating: 7 jaar en ouder,Xbox Series X
Lemon Cake - Xbox One en Series X|S,27.99,PEGI-rating: 3 jaar en ouder,Xbox Series X
Bunny Park - Xbox One en Series X|S,19.99,PEGI-rating: 3 jaar en ouder,Xbox Series X
NBA 2K22 - NL Versie Xbox Series X,34.95,PEGI-rating: 3 jaar en ouder,Xbox Series X
Tennis World Tour 2 NL Versie - Xbox Series X,30.45,PEGI-rating: 3 jaar en ouder,Xbox Series X
Madden NFL 21 - Xbox Series X,9.5,PEGI-rating: 3 jaar en ouder,Xbox Series X
Alex Kidd In Miracle World Dx,23.99,PEGI-rating: 7 jaar en ouder,Xbox Series X
Gears Tactics - Xbox One/Xbox Series X,18,PEGI-rating: 18 jaar en ouder,Xbox One
Necromunda : Hired Gun,30.25,PEGI-rating: 18 jaar en ouder,Xbox One
Minecraft Legends - Deluxe Edition (Xbox Series X|S & Xbox One),43,Prijs en andere details kunnen variëren op basis van de maat en kleur van het product.,Xbox One
Firefighting Simulator: The Squad [XboxOne / Series X],42.9,PEGI-rating: 7 jaar en ouder,Xbox Series X
Game Pass Ultimate | 3 Months [Digital Code] | 3 maanden [digitale code],48,,
Red | Dead | Redemption 2 X box Series X|S X box One Game Account | spel account,40,,
Minecraft Dungeons - Ultimate Edition - Xbox Series X|S & Xbox One,46.99,PEGI-rating: 7 jaar en ouder,Xbox One
Monster Energy Supercross 6 - De officiële videogame XSX,73.63,PEGI-rating: 3 jaar en ouder,Xbox Series X
Atomic Heart (Xbox-serie X),65.09,PEGI-rating: 18 jaar en ouder,Xbox Series X
2 Pcs Jubileumvlag | 105x150cm Queen Platinum Jubilee Union Jack Vlag met Clear Queen Photo Collection - Supergrote Britse vlaggendecoraties ter herdenking van de koningin Ortuh,14.2,,
Koningin Jubileumvlag - 105x150cm koningin banner koningin Elizabeth II platina jubileum vlag | Hare Majesteit de Koningin Britse Decoraties voor Thuis & Buiten Danensigl,,,
5 Pcs Platina jubileumvlag | 105x150cm Queen Platinum Jubilee Union Jack Vlag met Clear Queen Photo Collection.Supergrote Britse vlaggendecoraties ter herdenking van de koningin Jiasi,30.29,Prijs en andere details kunnen variëren op basis van de maat en kleur van het product.,Xbox One
Warhammer 40K - Darktide,39.99,PEGI-rating: 18 jaar en ouder,Xbox Series X
Arcadegeddon - Xbox,20.68,PEGI-rating: 12 jaar en ouder,Xbox Series X
Hello Neighbor 2 - Xbox X,29.99,Advies: ,Xbox Series X
THE DARK PICTURES: THE DEVIL IN ME,39.57,PEGI-rating: 18 jaar en ouder,Xbox Series X
XIII Xbox Series,31.43,PEGI-rating: 16 jaar en ouder,Xbox Series X
Lioncast Xbox Controller laadstation met oplaadbare batterij (1200mAh) voor Xbox One/Xbox Series X/S. Xbox laadstation/docking station. batterijlaadstation met LED-display. Xbox Controller accu,55.67,,
Koelventilator voor Xbox-serie X. Narati Top Cooler Fan System voor Xbox-serie X. 3 niveaus verstelbare ventilatorsnelheid 1800/2000/2200 RPM met RGB LED. extra 2 USB-poort en onafhankelijke aanraakschakelaar. laag geluidsniveau,,,
Are You Smarter Than A 5th Grader XSX,24.22,PEGI-rating: 3 jaar en ouder,Xbox One
Koch Media Outriders Worldslayer,38.31,,
Chef Life: A Restaurant Simulator (Xbox Series X / Xbox One),49.9,PEGI-rating: 3 jaar en ouder,Xbox One
Tales of Arise,,,
Dolmen Day One Edition XSX,15,PEGI-rating: 16 jaar en ouder,Xbox One
Back 4 Blood - Deluxe Edition - Xbox Series X + S & Xbox One,88.5,PEGI-rating: 18 jaar en ouder,Xbox One
Port Royale 4,43.7,,
Volledige Game Controller Knop Set Vervangende Handvatten Accessoires Kits. Game Controller Om Knoppen Te Vervangen Handvat Accessoires voor Xbox Series X. voor Xbox Series S Game Controller(geel),9.28,,
Disney Classic Games Collection : Le Livre de la Jungle. Aladdin et Le Roi Lion,31.99,PEGI-rating: 7 jaar en ouder,Xbox Series X
Fifa 22 (Xbox Series X),34.93,PEGI-rating: 3 jaar en ouder,Xbox Series X
Fifa 22,9.79,PEGI-rating: 3 jaar en ouder,Xbox Series X
Mechwarrior 5 Mercenaries,24.2,PEGI-rating: 12 jaar en ouder,Xbox One
The Eternal Cylinder,28.5,PEGI-rating: 12 jaar en ouder,Xbox One
Jurassic World Evolution 2,46.53,PEGI-rating: 16 jaar en ouder,Xbox Series X
Videogioco 505 Games Assetto Corsa Competizione Day One Edition,46.53,PEGI-rating: 3 jaar en ouder,Macintosh
Call of Duty: Vanguard (Xbox Series X),63.81,PEGI-rating: 18 jaar en ouder,Xbox Series X
Nerf: Legends,24.9,PEGI-rating: 7 jaar en ouder,Xbox One
World War Z Aftermath,26.49,PEGI-rating: 18 jaar en ouder,Xbox One
The Last Stand: Aftermath,32.22,PEGI-rating: 16 jaar en ouder,Xbox Series X
Among Us - Crewmate Edition,22.99,PEGI-rating: 7 jaar en ouder,Xbox One
Real Farm Premium Ed. XSX,19.6,PEGI-rating: 3 jaar en ouder,Xbox Series X
Astragon LANDWIRTSCHAFTS SIMULATOR 22 Xbox One USK: 0,61.97,Prijs en andere details kunnen variëren op basis van de maat en kleur van het product.,Xbox Series X
Microsoft Madden NFL 22 - Xbox Series X,16.92,USK-beoordeling: Geen leeftijdsbeperking,Xbox Series X
The Dark Pictures Anthology: House Of Ashes,,,
Tom Clancy's Rainbow Six : Extraction - Deluxe Edition,83.79,PEGI-rating: 16 jaar en ouder,Xbox Series X
Greak: Memories Of Azur,29.78,PEGI-rating: 7 jaar en ouder,Xbox Series X
The Riftbreaker,22.39,PEGI-rating: 16 jaar en ouder,Xbox One
Microsoft Battlefield 2042 - Xbox Series X USK18,29.9,USK-beoordeling: Vanaf 16 jaar,Xbox Series X
GoRIKI Game Joystick voor Xbox-serie S X. multifunctionele hitte-stofbeugel-hanger voor Xbox-serie S X -console,,,
Lost Judgment (XBox Seriex X XSRX),46.25,Japanstalige uitgave,Videogame
su-luoyu Controller Mount geventileerde stofafdekking voor Xbox Series S x console. multifunctionele controller-houder met warmteafvoerplaat. montage voor controller en headset,28.45,Prijs en andere details kunnen variëren op basis van de maat en kleur van het product.,Xbox Series X
Jeux Olympiques De Tokyo 2020 – Le Jeu VIdéo Officiel,28.45,,
GreedFall Gold Edition (MS XBox Series X XSRX),39.95,Duitstalige uitgave,DVD-ROM
Blasphemous Deluxe Edition XboxOne,38.61,PEGI-rating: 16 jaar en ouder,Xbox One
Worms Rumble - Fully Loaded Edition,28.52,PEGI-rating: 7 jaar en ouder,Xbox One
Life is Strange: True Colors (MS XBox Series X - XSRX),39.95,PEGI-rating: 16 jaar en ouder,Xbox Series X
Dungeons & Dragons Dark Alliance Day One Edition (XBox Series X - XSRX),31.74,PEGI-rating: 16 jaar en ouder,Xbox Series X
A-A Wandhouder voor PS5 Xbo1x serie. standaard houder voor gamecontroller/hoofdtelefoon/gamepad/afstandsbediening,,,
In Sound Mind - Deluxe Edition,32,PEGI-rating: 16 jaar en ouder,Xbox Series X
AUTOECHO Game Controller Holder Hanger Muur Voor PS5. Universele Foldable Desk Hook Stand voor PS5. Game Controller Remote Holder Voor Hoofdtelefoon. Video Game Controller. Muur Headset Hanger (Wit / Zwart),68.9,Prijs en andere details kunnen variëren op basis van de maat en kleur van het product.,Xbox One
Mortal Shell - Enhanced Edition,68.9,PEGI-rating: 16 jaar en ouder,Xbox One
Judgment,53.9,PEGI-rating: 18 jaar en ouder,Xbox Series X
Samurai Shodown Enhanced Xbox Series X Game,30.07,PEGI-rating: 16 jaar en ouder,Xbox One
Electronic Arts 1099396 FIFA 21 NXT LVL Edition (Nordic),101.95,,
Oproep van plicht ZWART OPS KOUDE WAR - XX,,,
Oihxse Leuke beschermhoes voor Samsung Galaxy A21S. PU-leer. portemonnee. met kaartsleuven. standfunctie. motief kat en hond. glanzend. glitter. diamant. roze,,,
Werewolf: The Apocalypse - Earthblood NL Versie - Xbox Series X,19.5,PEGI-rating: 16 jaar en ouder,Xbox One
Oihxse Flip beschermhoes voor Xiaomi Redmi 9A beschermhoes van PU-leer portefeuille met kaartsleuven standfunctie motief vlinder glanzend diamant flip cover violet,,,
Oihxse Flip beschermhoes voor Xiaomi Redmi 5 Plus. beschermhoes van PU-leer. portefeuille. met kaartsleuven. standfunctie. motief vlinder. glitter. strass. klapdeksel. donkerpaars,,,
Oihxse Flip-beschermhoes voor Samsung Galaxy A20S. PU-leer. portemonnee. kaartensleuven. standfunctie. motief vlinder. glanzend. glitter. diamantflap. donkerpaars,,,
Oihxse Flip beschermhoes voor Samsung Galaxy A10/M10. beschermhoes van PU-leer. portemonnee. met kaartsleuven. standaard. motief vlinder. glanzend. glitter. flip-cover. grijs,,,
Gioteck Megapack - Thumb grip voor Xbox series X S Joystick. Thumb Stick in Silicone. Antislip. Bescherming voor controller. Set van 3 paar. voor Xbox series X S Verschillende kleuren,14.91,Meer mogelijkheden,PlayStation 4
Madden NFL 21 NXT LVL Edition Xbox Series X Game,12.2,PEGI-rating: 3 jaar en ouder,Xbox Series X
FIFA 21 NXT LVL Edition Xbox Series X Game,12.9,PEGI-rating: 3 jaar en ouder,Xbox Series X
Microsoft Gears Tactics Xbox One,88,PEGI-rating: 18 jaar en ouder,Xbox One
Hitman III - Deluxe Edition,86.75,PEGI-rating: 18 jaar en ouder,Xbox Series X
Warhammer: Chaosbane - Slayer Edition - Xbox Series X,19.98,PEGI-rating: 16 jaar en ouder,Windows Vista
Videogioco Capcom Devil May Cry 5 Special Edition,31.34,PEGI-rating: 18 jaar en ouder,Xbox Series X
Hitman III Xbox One | Series X Game,42.54,PEGI-rating: 18 jaar en ouder,Xbox One
Maneater Xbox Series X Game,25.52,PEGI-rating: 16 jaar en ouder,Xbox Series X
XSRX Station X - Oplaadstation,30,,
Nier Replicant Ver.1.22474487139...,58.89,PEGI-rating: 18 jaar en ouder,Xbox One
Override 2: Super Mech League - Deluxe Edition,18.73,PEGI-rating: 12 jaar en ouder,Xbox One
Immortals Fenyx Rising - Gold Edition,101.75,PEGI-rating: 12 jaar en ouder,Xbox Series X
Overcooked! All You Can Eat Xbox Series X Game,24.68,PEGI-rating: 3 jaar en ouder,Xbox Series X
Train Sim World 2 - Collector's Edition,44.48,PEGI-rating: 3 jaar en ouder,Xbox One
The Last Laugh Xbox One (Code in a Box),27,PEGI-rating: 12 jaar en ouder,Xbox Series X
The Falconeer(Xbox One/),12.84,PEGI-rating: 7 jaar en ouder,Xbox One
Minecraft Dungeons Hero Edition Xbox One Game,51.98,PEGI-rating: 7 jaar en ouder,Xbox One
Planet Coaster Für XBOX SERIES X & XBOX ONE,68.15,Meer mogelijkheden,Xbox Series X
Far Cry 6 - Gold Edition,47.87,PEGI-rating: 18 jaar en ouder,Xbox Series X
Nba 2k21 - Mamba Forever - Legend Edition,17.64,PEGI-rating: 3 jaar en ouder,Xbox Series X
Xiii - édition Limitée,57.75,PEGI-rating: 16 jaar en ouder,Xbox One
Just Dance 2021 Xbox One | Series X Game,25.57,Meer mogelijkheden,Xbox Series X
Outriders Day One Edition XBO,14.99,PEGI-rating: 18 jaar en ouder,Xbox One
Cris Tales,24.1,PEGI-rating: 12 jaar en ouder,Xbox One
Call of Duty®: Black Ops Cold War (Xbox Series X) (Duits. Engels. Frans. Italiaans. Spaans),65.01,Meer mogelijkheden,
Lego Star Wars: Skywalker Saga,61.78,,Videogame
,61.78,,Videogame
DiRT Rally 2.0 Deluxe Edition (Xbox One),,PEGI-rating: 3 jaar en ouder,Xbox One
Puyo Puyo Tetris 2 Limited Edition,,PEGI-rating: 3 jaar en ouder,Xbox Series X
Xbox Series X Wall Mount door Floating Grip,38.51,Meer mogelijkheden,
